url,title,description,error,status_code
djbet888.com,ÁªºÂêàÂπ≥Âè∞ÂÆòÊñπÁõ¥Ëê•_ÂçÅÂπ¥‰ø°Ë™â,,,
djbet9.co,ÁªºÂêàÂπ≥Âè∞ÂÆòÊñπÁõ¥Ëê•_ÂçÅÂπ¥‰ø°Ë™â,,,
djbet9.com,ÁªºÂêàÂπ≥Âè∞ÂÆòÊñπÁõ¥Ëê•_ÂçÅÂπ¥‰ø°Ë™â,,,
djbet9.net,ÁªºÂêàÂπ≥Âè∞ÂÆòÊñπÁõ¥Ëê•_ÂçÅÂπ¥‰ø°Ë™â,,,
novawebmaroc.com.djbonafit.com,BONAFIT88 BANDAR SLOT ONLINE | AGEN TOGEL ONLINE,"BONAFIT88 Merupakan Sebuah Situs judi Online Terpercaya Di Tahun Ini yang menyediakan banyak games seperti togel online, live games, games slot dan game lainnya ",,
djbpattaya.com,"D Varee Jomtien Beach, Pattaya","The best 4-star hotel in Jomtien Beach, Pattaya. Book direct a get 30% off from the best available ocean view room rate. D Varee Jomtien Beach, Pattaya",,
djbrandonchase.com,"Chase Entertainment, Professional DJ & Photobooth Service in NY & PA","Chase Entertainment, Professional DJ's & Photobooth's in the Buffalo, Rochester, Syracuse New York areas, also servicing Erie PA.  Trust your special event to us! Our passion and ability to rock the dance floor sets us apart from everyone else! Contact us today to book your next event!",,
djbrandonchase.net,We are currently working on our website,,,
djburnz.com,,,Timeout (Redirect or Server Error),
djc200.com,,,Timeout (Redirect or Server Error),
djca.co.nz,,,Timeout (Redirect or Server Error),
djca.co.uk,DJCA | Everything your accountant isn‚Äôt | London Accountants,"Increase your profits, reduce your costs & grow your business with your tech-powered, outsourced finance team.",,
djcasamentoabc.com.br,Casamentos | S√£o Bernardo do Campo | DJ Casamento ABC,"DJ para Casamento ABC tem de tudo para fazer uma festa de casamento inesquec√≠vel. Som e Ilumina√ß√£o, tel√£o, festa de 15 anos, Retrospectivas, Sal√£o de Festas.",,
djcastro.com,,,Timeout (Redirect or Server Error),
djco.com.au,DJCO,,,
djcombo.com,,,Timeout (Redirect or Server Error),
djcommerce.com,,,Timeout (Redirect or Server Error),
djcpo.com,,,Timeout (Redirect or Server Error),
djcre.com,,,,403.0
djcrusher.net,"Djcrusher | Dj Services | Montreal, QC, Canada",,,
djcrusherr.kred,,,Timeout (Redirect or Server Error),
djd985.com,,,Timeout (Redirect or Server Error),
djdj685.com,,,Timeout (Redirect or Server Error),
djdj868.com,,,Timeout (Redirect or Server Error),
djdl666.app,,,,506.0
djdl666.com,Â§ßÂêâÂ§ßÂà©,,,
djdl666.net,,,,506.0
djdl666.online,,,,506.0
djdl777.app,Â§ßÂêâÂ§ßÂà©,,,
djdl777.club,Â§ßÂêâÂ§ßÂà©,,,
dje-commerce.com,"Dje-commerce.com, solo il meglio e solo per numeri UNO | Mixer","DJE-COMMERCE.COM | Mixers, Controllers, Cdj, Midi-controllers, Cuffie, Altoparlanti, Software, Giradischi - Sei il benvenuto nel nostro store di attrezzatura professionale per Dj, producer, musicisti, studi di registrazione, e fruitori di musica in genere.",,
djeanbaptiste.kred,,,Timeout (Redirect or Server Error),
djecja.com,,,Timeout (Redirect or Server Error),
djeda.com,,,Timeout (Redirect or Server Error),
djeden.com,,,Timeout (Redirect or Server Error),
djeduardo.com,,,Timeout (Redirect or Server Error),
djeestruturas.com.br,Index of /,,,
djefa.com,,,Timeout (Redirect or Server Error),
djefbw223bu1.online,DBX,,,
djefbw223bu1.store,DBX,,,
djektm.com,"DJ_EKTM Detroit Wedding DJ DJEKTMDJEKTM Eric King ""The Magician"" is Metro Detroit Wedding DJ","DJEKTM Eric King ""The Magician"" is Metro Detroit Wedding DJ",,
djelmo.com,,,Timeout (Redirect or Server Error),
djelsqq.net,,,Timeout (Redirect or Server Error),
djemaa.com,DJEMAA ,DJEMAA ,,
djemete.com,,,Timeout (Redirect or Server Error),
djenergy.com,,,Timeout (Redirect or Server Error),
djent.com,,,Timeout (Redirect or Server Error),
djentoto.xyz,JENTOTO,JENTOTO,,
djequinoxb.com,,,Timeout (Redirect or Server Error),
djescola.com.br,Curso de Dj SP - Escola de DJ e Produ√ß√£o Musical - DJ Escola - Video,Curso de Dj SP Curso de DJ SP - Como ser um DJ Profissional ? Curso de Dj¬† SP - Qual caminho voc√™ deve percorrer para se tornar DJ ? Saiba tudo sobre a,,
djets.com,,,Timeout (Redirect or Server Error),
djeufkk.store,GBA,,,
djeux.com,,,Timeout (Redirect or Server Error),
djevojke.com,,,Timeout (Redirect or Server Error),
djfamous.com,,,Timeout (Redirect or Server Error),
djfederato.com,,,Timeout (Redirect or Server Error),
djfeixiang.com,,,Timeout (Redirect or Server Error),
djfezz.com,,,Timeout (Redirect or Server Error),
djfire116.com,Home | FireEntertainmentDJs,"Fire Entertainment is a full-service wedding entertainment company based in Tallahassee, Florida. FireEntertainmentdjs has you covered. ",,
djfloor.com,,,Timeout (Redirect or Server Error),
djford.com.au,,,Timeout (Redirect or Server Error),
djforweddings.com,,,Timeout (Redirect or Server Error),
djfrancois.com,,,Timeout (Redirect or Server Error),
djfreakysoul.de,DJ Freakysoul,,,
djfreedom.ru,,,Timeout (Redirect or Server Error),
djfremps.com,,,Timeout (Redirect or Server Error),
djfrentu.com,DJ FRENTU,,,
djfrok.art,,,Timeout (Redirect or Server Error),
djfrok.ink,,,Timeout (Redirect or Server Error),
djfrok.lol,,,Timeout (Redirect or Server Error),
djfusion.com,,,Timeout (Redirect or Server Error),
gadacori.click,,,,
gadblog.com,,,Timeout (Redirect or Server Error),
gaddesigns.com,,,,404.0
gaddiblog.com,SOJU88 | Situs Slot Game Online Terkece Di Bumi & Terpercaya,SOJU88 | Situs Slot Game Online Terkece Di Bumi & Terpercaya,,
gaddoni.com,,,Timeout (Redirect or Server Error),
gadgetchest.com,Buy Used iPhones and Pre-Owned Cell Phones | Gadget Chest,"We have pre-owned and used iPhones for sale, Samsung Galaxy, and more! Buy cheap used iPhones, Samsung Galaxy Cell Phones, and more from us.",,
gadgetconcept.com,,,Timeout (Redirect or Server Error),
gadgetfornow.com,GadgetForNow.com,The best selection of clothes and accessories for your unique style. Top-quality brands and 100% genuine products.,,
gadgetmount.com,,,Timeout (Redirect or Server Error),
gadgetnani.com,,,,403.0
gadgetnya.com,,,Timeout (Redirect or Server Error),
gadgetparts.eu/*,,,,404.0
gadgetprostore.com,Gadget Pro Store,Gadget Pro Store,,
gadgetrepairpoint.com.au/*,,,,404.0
gadgets-news.com,,,,
gadgetsquare.net,"‡∏Å‡∏•‡∏≠‡∏ô‡∏õ‡∏£‡∏∞‡∏ï‡∏π‡∏î‡∏¥‡∏à‡∏¥‡∏ï‡∏≠‡∏• - Bluetooth Digital Door Lock, Wireless door lock","‡∏Å‡∏•‡∏≠‡∏ô‡∏õ‡∏£‡∏∞‡∏ï‡∏π, ‡∏Å‡∏•‡∏≠‡∏ô‡∏õ‡∏£‡∏∞‡∏ï‡∏π‡∏î‡∏¥‡∏à‡∏¥‡∏ï‡∏≠‡∏•, ‡∏Å‡∏•‡∏≠‡∏ô‡∏õ‡∏£‡∏∞‡∏ï‡∏π‡πÇ‡∏£‡∏á‡πÅ‡∏£‡∏°, ‡∏Å‡∏•‡∏≠‡∏ô‡∏õ‡∏£‡∏∞‡∏ï‡∏π‡∏Ñ‡∏≠‡∏ô‡πÇ‡∏î, ‡∏Å‡∏•‡∏≠‡∏ô‡∏õ‡∏£‡∏∞‡∏ï‡∏π‡∏ö‡∏•‡∏π‡∏ó‡∏π‡∏ò, Bluetooth digital door lock, ‡πÄ‡∏õ‡∏¥‡∏î‡∏õ‡∏£‡∏∞‡∏ï‡∏π‡∏î‡πâ‡∏ß‡∏¢‡∏°‡∏∑‡∏≠‡∏ñ‡∏∑‡∏≠, ‡∏™‡πà‡∏á‡∏£‡∏´‡∏±‡∏™‡πÄ‡∏õ‡∏¥‡∏î‡∏õ‡∏£‡∏∞‡∏ï‡∏π‡∏ú‡πà‡∏≤‡∏ô‡∏°‡∏∑‡∏≠‡∏ñ‡∏∑‡∏≠",,
gadgetssolution.co.uk/*,,,,500.0
gadgetstore.vip,,,Timeout (Redirect or Server Error),
gadgetstrust.com,GEMILANG77 > Agen Slot Olympus Gacor Mudah Jackpot Maxwin Hari Ini,"Gemilang77 merupakan situs slot yang memiliki permainan slot gates of olympus gacor, permainan slot olympus di situs Gemilang77 sangat mudah untuk dimenangkan dan pastinya gampang jp.",,
gadgetsuni.com,GadgetsUni.com,The best selection of clothes and accessories for your unique style. Top-quality brands and 100% genuine products.,,
gadgetsxperts.co.nz,,,,500.0
gading303-1.xyz,,,Timeout (Redirect or Server Error),
gading69boss.com,,,,526.0
gading69gacor.asia,,,,526.0
gading69gacor.com,,,Timeout (Redirect or Server Error),
gading69gacor.info,,,Timeout (Redirect or Server Error),
gading69gacor.live,,,,526.0
gading69gacor.net,,,Timeout (Redirect or Server Error),
gading69gacor.org,,,Timeout (Redirect or Server Error),
gading69ini.com,,,Timeout (Redirect or Server Error),
gading69jepe.com,,,,526.0
gading99slot.net,Gading99 | Agent Games Online Yang RTP Dewa Banjir Jackpot,Gading99 merupakan agent game online yang sedang kebanjiran jackpot karena rtp dewa mudah menangkan semua jenis permainan sesuka hati.,,
gadingcahaya.xyz,,,Timeout (Redirect or Server Error),
gadinggisellov.shop,,,Timeout (Redirect or Server Error),
gadingjawa.life,,,Timeout (Redirect or Server Error),
gadingjaya.xyz,,,Timeout (Redirect or Server Error),
gadingmakmur.xyz,,,Timeout (Redirect or Server Error),
gadingmart.xyz,,,Timeout (Redirect or Server Error),
gadingpenyerang.com,,,Timeout (Redirect or Server Error),
gadingsabtu.online,,,,
gadingselasa.online,,,,
gadingsentosa.xyz,,,Timeout (Redirect or Server Error),
gadingshop.xyz,,,Timeout (Redirect or Server Error),
gadiscantik-a.site,,,,
gadiscantik-b.site,,,,
gadiscantik-c.site,,,,
gadiscantik-d.site,,,,
gadisdesa.top,,,,403.0
gadisimut.com,,,Timeout (Redirect or Server Error),
gadisjalang.pro,"KANTOR BOLA : Judi Bola, Judi Bola Online, Taruhan Bola, Taruhan Bola Online","KANTOR BOLA adalah Situs Taruhan Bola untuk JUDI BOLA dengan kelengkapan permainan Taruhan Bola Online diantaranya Sbobet, M88, Ubobet, Cmd, Oriental Gaming dan masih banyak lagi Judi Bola Online lainnya. ",,
gadislot2.site/*,Account Suspended,,,
gadislot3.site/*,Account Suspended,,,
gadislot4.site/*,Account Suspended,,,
gadislotb.site/*,Account Suspended,,,
gadislotc.site/*,Account Suspended,,,
gadislotd.site/*,Account Suspended,,,
gadislotgacor-a.online,Account Suspended,,,
gadislotgacor-a.shop,Account Suspended,,,
gadislotgacor-a.store,Account Suspended,,,
gadislotgacor-a.xyz,Account Suspended,,,
gadislotgacor-b.online,Account Suspended,,,
gadislotgacor-b.shop,Account Suspended,,,
gadislotgacor-b.store,Account Suspended,,,
gadislotgacor-b.xyz,Account Suspended,,,
gadislotgacor-c.online,Account Suspended,,,
gadislotgacor-c.shop,Account Suspended,,,
gadislotgacor-c.store,Account Suspended,,,
gadislotgacor-c.xyz,Account Suspended,,,
gadislotgacor-d.online,Account Suspended,,,
gadislotgacor-d.shop,Account Suspended,,,
gadislotgacor-d.store,Account Suspended,,,
gadislotgacor-d.xyz,Account Suspended,,,
gadisqq.com,,,Timeout (Redirect or Server Error),
gadisratu.live,Ratu338 | Daftar Dan Login | wa.me/+6281779171947,Ratu338 adalah pilihan utama untuk info pasti penarikan WD hari ini. Segera bergabung disini untuk meraih hasil yang memuaskan!,,
gadisslot.xyz,,,Timeout (Redirect or Server Error),
gadistoto.com,,,Timeout (Redirect or Server Error),
gadistua.com/*,,,Timeout (Redirect or Server Error),
gadisx.com,,,Timeout (Redirect or Server Error),
gadizdesa.xyz,,,,500.0
gado-fashion.com,,,Timeout (Redirect or Server Error),
gadrh.com,,,"SSLError HTTPSConnectionPool(host='gadrh.com', port=443): Max retries exceeded with url: / (Caused by SSLError(SSLError(1, '[SSL: SSLV3_ALERT_HANDSHAKE_FAILURE] ssl/tls alert handshake failure (_ssl.c:1006)')))",
gadroon.com,,,,
gadungacor.com,,,,500.0
gadunslot.art,,,Timeout (Redirect or Server Error),
gadunslot.asia,,,Timeout (Redirect or Server Error),
gadunslot.beauty,,,Timeout (Redirect or Server Error),
gadunslot.click,,,Timeout (Redirect or Server Error),
gadunslot.com,,,Timeout (Redirect or Server Error),
gadunslot.cyou,,,Timeout (Redirect or Server Error),
gadunslot.digital,,,Timeout (Redirect or Server Error),
gadunslot.fun,,,Timeout (Redirect or Server Error),
gadunslot.live,Healty News -,,,
gadunslot.lol,,,,500.0
gadunslot.monster,,,Timeout (Redirect or Server Error),
gadunslot.online,Jabar Talk ‚Äì Berita Tajam Jawa Barat,,,
gadunslot.org,Index of /,,,
gadunslot.shop,,,Timeout (Redirect or Server Error),
gadunslot.site,,,Timeout (Redirect or Server Error),
gadunslot.space,,,Timeout (Redirect or Server Error),
gadunslot.store,,,Timeout (Redirect or Server Error),
gadunslot.top,,,Timeout (Redirect or Server Error),
gadunslot.website,,,Timeout (Redirect or Server Error),
gadunslot.xn--mk1bu44c,,,Timeout (Redirect or Server Error),
gadunslotevent.online,,,AttributeError 'NoneType' object has no attribute 'find',
gadunslotfun.live,,,,403.0
gadunslotjackpot.fun,,,Timeout (Redirect or Server Error),
gadunslotjackpot.live,,,Timeout (Redirect or Server Error),
gadunslotjackpot.online,,,,403.0
gadunslotjackpot.site,,,,403.0
gadunslotjackpot.space,,,,403.0
gadunslotjackpot.store,,,Timeout (Redirect or Server Error),
gadunslotjackpot.today,,,,403.0
gadunslotjackpot.xyz,,,,403.0
gadunslots.com,,,Timeout (Redirect or Server Error),
gadunslots.online,,,,
gadunslots.site,,,,
gadunt0t0.com,,,Timeout (Redirect or Server Error),
gaduntop.com,Gaduntoto: Bandar Togel Online Terpercaya | Daftar Togel Terlengkap,"Gaduntoto adalah salah satu situs bandar togel online terpercaya dan terbaik Indonesia. Dapatkan layanan resmi mulai dari daftar akun togel, bermain casino online, slot gacor terlengkap 2023.",,
gaduntop1.com,,,,500.0
gaduntoto.biz,,,Timeout (Redirect or Server Error),
gaduntoto.co,,,Timeout (Redirect or Server Error),
gaduntoto.live,,,Timeout (Redirect or Server Error),
gaduntoto.org,,,,500.0
gaduntoto.xyz,,,,403.0
gaduntoto3.xyz,Gaduntoto: Bandar Togel Online Terpercaya | Daftar Togel Terlengkap,"Gaduntoto adalah salah satu situs bandar togel online terpercaya dan terbaik Indonesia. Dapatkan layanan resmi mulai dari daftar akun togel, bermain casino online, slot gacor terlengkap 2023.",,
gadventuresuk.co,,,Timeout (Redirect or Server Error),
gadvh99rz1kaoc.kred,,,Timeout (Redirect or Server Error),
gadzetstore.pl,,,Timeout (Redirect or Server Error),
gadzi.com,,,Timeout (Redirect or Server Error),
gaebi.com,gaebi.com - Domain Name For Sale | Dan.com,I found a great domain name for sale on Dan.com. Check it out!,,
gaehde.de,,,Timeout (Redirect or Server Error),
gaehle.de, gaehle.de steht zum Verkauf,,,
gaehr.de, gaehr.de steht zum Verkauf,,,
gaelholidayhomes.co.uk,,,,403.0
gaelicoviajes.com,Ga√©lico Viajes,,,
gaelinfotech.com,"Gael Infotech Software Apps to Recover Data, Convert Files & Backup to Computer","Gael Infotech Solutions for Computer users to solve their problems related to lost data, corrupt data, inccessible files etc. Here you will get solutions to recover lost data, repair corrupt files and migrate data into common email or cloud services.",,
gaerber.de,Startseite -  Gaerber Digital Marketing & Web Development,,,
gageball.com,,,Timeout (Redirect or Server Error),
gagne-facile.com,gagne-facile.com ‚Äì Just another WordPress site,,,
beranda188.top,Website Suspended - AnymHost Web Hosting,,,
beraswla188.xyz,,,Timeout (Redirect or Server Error),
berbagihoki88.pro,,,Timeout (Redirect or Server Error),
berbagismp96.site,SMPTOTO Situs Pasti Terkuat di Bumi No 1 Di Indonesia,SMPTOTO merupakan bandar togel resmi terbaik  di Asia dengan slot mudah maxwin dan mudah menang dengan menggunakan rtp Live paling terakurat,,
berbudi89.org,,,Timeout (Redirect or Server Error),
bergembira555.pro,,,,404.0
bergerakmajutani4d.com,TANI4D Platform Digital Gaming Online Deposit Terlengkap Dan Raih kemenangan,TANI4D Menjadi Platform Digital Gaming Online dengan menyediakan deposit terlengkap bertujuan untuk memudahkan semua player agar cepat meraih keuntungan bersama tani4d.,,
bergtu55.xyz,,,Timeout (Redirect or Server Error),
beri188.co,BERRY188 | EASIEST WAY TO WIN IN ONLINE GAMING,Berry188 is one of the easiest way for you to win in online gaming. All slot games in Berry 188 got highest RTP which is 98%. Join us now,,
beri188.net,BERRY188: Latest Info Slot Online Gacor That Are Easy to Win,"Berry188 gives latest info regarding slot online gacor that are easy to win. With 98% rate of win, Berry 188 surely give happiness to player",,
beri188.xn--6frz82g,,,Timeout (Redirect or Server Error),
beri88.co,,,Timeout (Redirect or Server Error),
beri88.net,,,Timeout (Redirect or Server Error),
beri88.org,Beri88 | Strategi Cerdas Untuk Kemenangan Besar Malam Ini,"Beri88 - Temukan pengalaman bermain yang penuh tantangan, dengan fokus pada penggunaan strategi cerdas untuk menghadapi berbagai situasi.",,
berikudiskon77.org,,,,403.0
beringin88.com,,,,403.0
beringin88.fun,,,,403.0
beringin88.live,,,,403.0
beringin99.com,beringin99 ‚Äì Situs Bandar Domino99 Online Terpercaya,,,
berita288.com,,,Timeout (Redirect or Server Error),
beritaanakmas88.xyz,,,Timeout (Redirect or Server Error),
beritabola78.com,,,,404.0
beritajp99.com,beritajp99 ‚Äì Menjadi Kaya karena Judi Online,,,
beritaunikdanlucu8888.blogspot.co.id,,,,404.0
berjaya-usaha188.com,,,,
berjaya82.com,Example Domain,,,
berjayaam88.lol,,,,403.0
berjayatogel388.club,,,,403.0
berjayatogel388.com,,,,403.0
berjayatogel388.info,,,,500.0
berjayatogel388.pro,,,,403.0
berjayatogel388.xyz,,,,403.0
berkah070l789.pro,,,,403.0
berkah188.net,Berkah188 | Website Entertainment Mudah Jepeh for Beginner,Berkah188 adalah salah satu diantara hiburan terbaik penghasil uang asli karena memiliki tingkat kemenangan yang amat tinggi yaitu Jackpot.,,
berkah188.org,Berkah188 | Login Game Parlay Euro 2024 Best of The Year,"Berkah188 platform betting parlay terpercaya di Asia, daftar sekarang untuk meriahkan Euro 2024 tahun ini dengan banjir hadiah jutaan.",,
berkah189.co,,,,403.0
berkah189.info,Berkah189 | Website Entertainment Mudah Jepeh for Beginner,Berkah189 adalah salah satu diantara hiburan terbaik penghasil uang asli karena memiliki tingkat kemenangan yang amat tinggi yaitu Jackpot.,,
berkah365.bar,,,Timeout (Redirect or Server Error),
berkah365.best,,,Timeout (Redirect or Server Error),
berkah365.cc,,,Timeout (Redirect or Server Error),
berkah365.co,,,Timeout (Redirect or Server Error),
berkah365.com,Berkah365 : Situs Bola Online | Situs Bola & Slot | Situs Bola Terbaik,Berkah365 merupakan agen bola online terbaik di Indonesia yang juga menyediakan game slot gacor yang bisa dimainkan hanya dengan 1 User ID saja.,,
berkah365.info,Berkah365 : Situs Bola Online | Situs Bola & Slot | Situs Bola Terbaik,Berkah365 merupakan agen bola online terbaik di Indonesia yang juga menyediakan game slot gacor yang bisa dimainkan hanya dengan 1 User ID saja.,,
berkah365.net,Berkah365 : Situs Bola Online | Situs Bola & Slot | Situs Bola Terbaik,Berkah365 merupakan agen bola online terbaik di Indonesia yang juga menyediakan game slot gacor yang bisa dimainkan hanya dengan 1 User ID saja.,,
berkah365.online,,,Timeout (Redirect or Server Error),
berkah365.org,Berkah365 : Situs Bola Online | Situs Bola & Slot | Situs Bola Terbaik,Berkah365 merupakan agen bola online terbaik di Indonesia yang juga menyediakan game slot gacor yang bisa dimainkan hanya dengan 1 User ID saja.,,
berkah365.shop,Coming Soon - zevhya1.csisce.com,,,
berkah365.us,,,Timeout (Redirect or Server Error),
berkah55.com,,,Timeout (Redirect or Server Error),
berkah55.xyz,Berkah55: Situs Judi Slot dan Online Terpercaya dengan Bonus Besar!,"
Nikmati sensasi permainan slot Berkah55: demo anti rungkad 777 & rungkad 4D. Keseruan tak terbatas menanti!",,
berkah77.co,Berkah77 | Bermain Modal Receh Dan Dapatkan Jackpot Gede,Berkah77 bersiaplah bermain dengan modal receh bersama situs game paling ciamik yang akan menuntun untuk menuju kemenangan jackpot gede.,,
berkah77.net,Berkah77 | Link Akses Member VVIP Premium Mudah Jepeh Max,Berkah77 memberikan maxwin permainan gampang menang jepeh dengan loyalitas bonus best price dan tambahan layanan premium kelas kakap.,,
berkah77.org,Berkah77 | Rahasia Pola Slot Bonanza Terbaik Pasti Meledak,Berkah77 selalu memberikan bocoran Pola Terbaik dan Terakurat setiap harinya agar pemain gampang maxwin terutama untuk para pendatang baru.,,
berkah777.org,,,Timeout (Redirect or Server Error),
berkah88.bid,,,Timeout (Redirect or Server Error),
berkah88.casino,,,Timeout (Redirect or Server Error),
berkah88.club,Berkah88 | Daftar Agen Judi Berkah88 Slot | Login Berkah88 Slot,"Berkah88 | Daftar Agen Judi Berkah88 Slot | Login Berkah88 Slot - Untuk Anda yang berada di Indonesia, maka Anda bisa mencoba mengunjungi website ini.",,
berkah88.digital,,,Timeout (Redirect or Server Error),
berkah88.info,,,Timeout (Redirect or Server Error),
berkah88.jp,,,Timeout (Redirect or Server Error),
berkah88.space,,,Timeout (Redirect or Server Error),
berkah88.tech,Berkah88 | Daftar Situs Slot Deposit Pulsa Tanpa Potongan Terpercaya 2023,"Berkah88 Permainan Slot online sangat banyak dimainkan saat ini, Jadi daftarlah di situs judi slot deposit pulsa tanpa potongan yang pasti akan membayar semua hasil kemenangan kalian di Situs Judi Terpercaya Berkah88.",,
berkah88.vip,Berkah88: Situs Judi Slot 303 Gacor dan PG Soft Terbaik di Indonesia,"Berkah88 ialah website judi online terpercaya yang sediakan PG Soft gacor mudah menang ini hari dan jadi opsi yang pas untuk cari keuntungan saat bermain judi online seperti Slot, Judi Bola, Casino, Poker dan Tembak Ikan.",,
berkah88.xyz,,,,
berkah99.net,,,Timeout (Redirect or Server Error),
berkahajudan88.me,,,,
berkahku88.com,,,,403.0
berkahmeki88.xyz,,,,403.0
berkahpoker88.net,Berkahpoker88: Situs Gaming Platinum RTP Strong 99% Best,Berkahpoker88 ialah situs penyedia akun pro platinum yang memberikan akses vip kepada para pemain yang ingin bermain slot platinum terbaik.,,
berkahpoker888.com,,,Timeout (Redirect or Server Error),
berkahselalu680.site,,,TooManyRedirects Exceeded 30 redirects.,
berkahslot88.co,Berkahslot88 | Situs Gaming Platinum RTP Strong 99% Best,Berkahslot88 ialah situs penyedia akun pro platinum yang memberikan akses vip kepada para pemain yang ingin bermain slot platinum terbaik.,,
berkahslot88.live,,,,
berkahslot88.online,,,,
berkahslot88.site,,,,
berkahslot88.xyz,,,Timeout (Redirect or Server Error),
berkahwin88.club,,,Timeout (Redirect or Server Error),
berkahwin88.com,,,,403.0
berkahwin88.homes,,,,403.0
berkahwin88.info,,,Timeout (Redirect or Server Error),
berkahwin88.net,,,,403.0
berkahwin88.one,,,,403.0
berkahwin88.org,,,,403.0
berkahwin88.pro,,,,403.0
berkahwin88.site,,,,403.0
berkahwinn88.com,,,,403.0
berkat78.com,,,Timeout (Redirect or Server Error),
berkat78.info,,,Timeout (Redirect or Server Error),
berkat78.net,,,Timeout (Redirect or Server Error),
berkat78.org,,,Timeout (Redirect or Server Error),
berkat88.online,,,,
berkat88.world,,,Timeout (Redirect or Server Error),
berkat99.com,,,Timeout (Redirect or Server Error),
berkat99.net,Berkat99 : Taklukkan Tantangan Dan Ambil Jackpot Besarnya Di Sini,Berkat99 tempat di mana tantangan dan kemenangan bersatu lewat game online Berkat 99 penuh adrenalin serta peluang menang jackpot tinggi.,,
berkatpoker99.online,BERKAT POKER 99,My Blog,,
berkatrumah99.com,,,,
berkembanglokx61.com,,,,530.0
berkicau86.online,,,Timeout (Redirect or Server Error),
berlian388.asia,,,Timeout (Redirect or Server Error),
berlian388.biz,,,Timeout (Redirect or Server Error),
berlian388.click,,,Timeout (Redirect or Server Error),
berlian388.co,,,Timeout (Redirect or Server Error),
berlian388.com/*,,,Timeout (Redirect or Server Error),
berlian388.info,,,Timeout (Redirect or Server Error),
berlian388.live,,,Timeout (Redirect or Server Error),
berlian388.online,,,Timeout (Redirect or Server Error),
berlian388.pro,,,,
berlian388.shop,,,Timeout (Redirect or Server Error),
berlian388.store,,,Timeout (Redirect or Server Error),
berlian388.xyz,,,Timeout (Redirect or Server Error),
berlian388i.lat,,,Timeout (Redirect or Server Error),
berlian388i.shop,,,Timeout (Redirect or Server Error),
berlian388i.site,,,Timeout (Redirect or Server Error),
berlian388i.wiki,,,Timeout (Redirect or Server Error),
berlian388i.xyz,,,Timeout (Redirect or Server Error),
berlian77.com,BERLIAN77 - BERLIAN 77 Collection Of Interesting Online Games BERLIAN77,"BERLIAN77 Sensasi bermain disini sangat mengaksikkan sekali, karena situs permainan slot online yang tersedia disini memiliki grafik yang super duper 4K, dan keuntungan yang bakal kalian dapatkan jika bermain game didalam tentunya uang tunai rupiah hingga mencapai ratusan juta setiap harinya.",,
berlian77.net,Berlian77 | Event Scatter Spesial Bonus Berlimpah Menanti!,"Berlian77 menghadirkan event scatter spesial akhir pekan dengan bonus berlimpah, Manfaatkan eventnya untuk bermain dan raih hadiah menarik!",,
berlian77.org,Berlian77 | Pola Cura bocng Jackpot Games Gates Of Olympus,Berlian77 ialah situsoran pola games terbaik Olympus yang menjadi rahasia tersendiri bagi pemain yang ingin menguasai Gates of Olympus.,,
berlian77.pro/*,,,,404.0
berlian77.vip,,,Timeout (Redirect or Server Error),
berlian777.net,Berlian777 : Tempatnya Para Gamers Mencari Maxwin Cuan Besar,Berlian777 merupakan situs game online terlengkap dengan daftar teknlogi jaringan tercepat makin gampang cari cuan rupiahnya di Berlian 777.,,
berlian777.org,Berlian777 : Get to know Spin Online with most exciting games 2024,Berlian777 games in Indonesia with exciting online spin games Berlian 777 that are challenging with various themes and attractive jackpots.,,
berlian78.art,,,Timeout (Redirect or Server Error),
berlian78.bio,,,Timeout (Redirect or Server Error),
berlian78.online,,,Timeout (Redirect or Server Error),
berlian78.store,,,Timeout (Redirect or Server Error),
berlian88.asia,Berlian88 Pusat Tambang Mencari Kekayaan Paling Instan,Berlian88 Pusat Tambang Mencari Kekayaan Paling Instan dan Segera Gabung atau Daftar Melalui Bantuan Layanan Livechat Berlian 88 Slot,,
berlian88.com,berlian88.com - Domain Name For Sale | Dan.com,I found a great domain name for sale on Dan.com. Check it out!,,
berlian88.info,,,Timeout (Redirect or Server Error),
berlian88.org,,,Timeout (Redirect or Server Error),
berlian888.asia,,,Timeout (Redirect or Server Error),
berlian888.bet,Berlian 888: Platform Game Permainan Online Terpercaya dengan Daftar dan Login Mudah,"Berlian 888 adalah platform Game permainan online terpercaya yang menawarkan berbagai macam permainan Game menarik dan menguntungkan, akses daftar & login mudah",,
berlian888.club,BERLIAN888 - Daftar & Login Perusahaan Permainan Online Terlengkap Berlisensi PAGCOR,Permainan Online Terpercaya Paling Populer yang bisa Anda mainkan sekarang juga di Indonesia. BERLIAN888 Alternatif daftar & Login.,,
berlian888.co,Berlian888 - Perusahaan Game Permainan Online Terbaik di Indonesia dengan Game Permainan untung Pragmatic Play,"Tahun 2023, Berlian888 dinobatkan sebagai website permainan perusahaan terbaik di Indonesia.",,
berlian888.info,BERLIAN888: Game Online Terpercaya untuk Bersenang-senang,"BERLIAN888 pilihan kami sangatlah mudah, karena itulah BERLIAN888 telah memantapkan dirinya sebagai Perusahaan game online terpercaya dengan platform game resmi terbaik.",,
berlian888.media,Berlian888 | Official link | Login | Daftar,Berlian888 merupakan situs judi populer di Indonesia dengan banyak sekali promo dan bonus yang ditawarkan,,
berlian888.net,BERLIAN888: Rasakan Kemenangan Dengan Mudah Di Berlian888 Ter-Untung 2023,Saat ini tidak sulit sama sekali untuk menemukan link Permainan online dengan Game yang nyaman untuk dimainkan.,,
berlian888.org,,,Timeout (Redirect or Server Error),
berlian888.shop,BERLIAN888: MENANGKAN HADIAH FANTASTIS 2024,Perusahaan game online Berlian888 pilihan masyarakat Indonesia dengan kumpulan game yang berkualitas dan pasti memberikan kemenangan untuk para member setia,,
berlian888.today,,,,
berlian888.xyz,BERLIAN888 | Gampang Berlian888 Bermain Lucky Game Online 2023.,"Berlian888 memiliki berbagai macam produk game online yang sangat lengkap, mulai dari yang terbaru hingga permainan favorit.",,
berlian99.net,,,"SSLError HTTPSConnectionPool(host='berlian99.net', port=443): Max retries exceeded with url: / (Caused by SSLError(SSLCertVerificationError(5, '[SSL: CERTIFICATE_VERIFY_FAILED] certificate verify failed: certificate has expired (_ssl.c:1006)')))",
berlian99.org,Berlian99 | Game Cuan Resmi Deposit Qris No. 1 Di Indonesia,Berlian99 Menyediakan berbagai koleksi permainan slot putaran uang resmi deposit mudah cepat dan stabil nomor satu di Indonesia.,,
berlin77.co,Berlin303 : Situs Game Slot Online Tergacor Dan Maxwin Terbesar Di Indonesia,BERLIN303 merupakan Situs Game Slot Online Tergacor Dan Maxwin Terbesar Di Indonesia.,,
berlin77.info,,,Timeout (Redirect or Server Error),
berlin77.pro,,,Timeout (Redirect or Server Error),
berlin77.site,Berlin303 : Situs Game Slot Online Tergacor Dan Maxwin Terbesar Di Indonesia,BERLIN303 merupakan Situs Game Slot Online Tergacor Dan Maxwin Terbesar Di Indonesia.,,
berlin777.com,berlin777 (‡πÄ‡∏ö‡∏≠‡∏£‡πå‡∏•‡∏¥‡∏ô777) ‡∏Ñ‡∏≤‡∏™‡∏¥‡πÇ‡∏ô‡∏≠‡∏≠‡∏ô‡πÑ‡∏•‡∏ô‡πå‡πÄ‡∏ß‡πá‡∏ö‡∏ï‡∏£‡∏á ‡πÄ‡∏ä‡∏∑‡πà‡∏≠‡∏ñ‡∏∑‡∏≠‡πÑ‡∏î‡πâ‡∏ó‡∏µ‡πà‡∏™‡∏∏‡∏î‡∏õ‡∏µ 2023,berlin777 (‡πÄ‡∏ö‡∏≠‡∏£‡πå‡∏•‡∏¥‡∏ô777) ‡∏Ñ‡∏≤‡∏™‡∏¥‡πÇ‡∏ô‡∏≠‡∏≠‡∏ô‡πÑ‡∏•‡∏ô‡πå‡πÄ‡∏ß‡πá‡∏ö‡∏ï‡∏£‡∏á ‡πÑ‡∏°‡πà‡∏ú‡πà‡∏≤‡∏ô‡πÄ‡∏≠‡πÄ‡∏¢‡πà‡∏ô ‡πÄ‡∏ä‡∏∑‡πà‡∏≠‡∏ñ‡∏∑‡∏≠‡πÑ‡∏î‡πâ‡∏ó‡∏µ‡πà‡∏™‡∏∏‡∏î‡∏õ‡∏µ 2023 ‡∏™‡∏°‡∏±‡∏Ñ‡∏£‡∏á‡πà‡∏≤‡∏¢‡πÄ‡∏û‡∏µ‡∏¢‡∏á 2 ‡∏Ç‡∏±‡πâ‡∏ô‡∏ï‡∏≠‡∏ô ‡∏ù‡∏≤‡∏Å‡∏ñ‡∏≠‡∏ô‡∏≠‡∏≠‡πÇ‡∏ï‡πâ‡πÉ‡∏ô 5 ‡∏ß‡∏¥‡∏ô‡∏≤‡∏ó‡∏µ ‡∏™‡∏≤‡∏¢‡∏ï‡∏£‡∏á‡∏à‡∏≤‡∏Å‡πÄ‡∏¢‡∏≠‡∏£‡∏°‡∏±‡∏ô ‡∏û‡∏£‡πâ‡∏≠‡∏°‡∏õ‡∏•‡πâ‡∏ô‡∏ä‡∏ô‡∏ó‡∏∏‡∏Å‡∏Ñ‡πà‡∏≤‡∏¢ ‡∏õ‡∏•‡πâ‡∏ô‡∏á‡πà‡∏≤‡∏¢ ‡∏à‡πà‡∏≤‡∏¢‡πÑ‡∏ß ‡πÑ‡∏ß‡πâ‡πÉ‡∏à ‡πÄ‡∏ö‡∏≠‡∏£‡πå‡∏•‡∏¥‡∏ô777 ,,
berlin777.info,berlin777 (‡πÄ‡∏ö‡∏≠‡∏£‡πå‡∏•‡∏¥‡∏ô777) ‡∏™‡∏°‡∏≤‡∏ä‡∏¥‡∏Å‡πÉ‡∏´‡∏°‡πà 100% ‡πÇ‡∏õ‡∏£‡πÇ‡∏°‡∏ä‡∏±‡πà‡∏ô‡∏î‡∏µ‡∏ó‡∏µ‡πà‡∏™‡∏∏‡∏î‡∏õ‡∏µ 2023,berlin777 (‡πÄ‡∏ö‡∏≠‡∏£‡πå‡∏•‡∏¥‡∏ô777) ‡∏Ñ‡∏≤‡∏™‡∏¥‡πÇ‡∏ô‡∏≠‡∏≠‡∏ô‡πÑ‡∏•‡∏ô‡πå‡πÄ‡∏ß‡πá‡∏ö‡∏ï‡∏£‡∏á ‡πÇ‡∏õ‡∏£‡πÇ‡∏°‡∏ä‡∏±‡πà‡∏ô‡∏î‡∏µ‡∏ó‡∏µ‡πà‡∏™‡∏∏‡∏î‡∏õ‡∏µ 2023 ‡∏™‡∏°‡∏±‡∏Ñ‡∏£‡∏á‡πà‡∏≤‡∏¢‡πÄ‡∏û‡∏µ‡∏¢‡∏á 2 ‡∏Ç‡∏±‡πâ‡∏ô‡∏ï‡∏≠‡∏ô ‡∏™‡∏°‡∏≤‡∏ä‡∏¥‡∏Å‡πÉ‡∏´‡∏°‡πà 100% ‡∏ä‡∏ß‡∏ô‡πÄ‡∏û‡∏∑‡πà‡∏≠‡∏ô 0.7% ‡∏Ñ‡∏∑‡∏ô‡∏¢‡∏≠‡∏î 0.3%,,
berlin777.live,berlin777 (‡πÄ‡∏ö‡∏≠‡∏£‡πå‡∏•‡∏¥‡∏ô777) ‡∏Ñ‡∏£‡∏ö‡∏à‡∏ö‡πÉ‡∏ô‡∏ó‡∏µ‡πà‡πÄ‡∏î‡∏µ‡∏¢‡∏ß ‡∏Ñ‡∏≤‡∏™‡∏¥‡πÇ‡∏ô‡∏≠‡∏≠‡∏ô‡πÑ‡∏•‡∏ô‡πå ‡∏Ç‡πà‡∏≤‡∏ß‡∏Å‡∏µ‡∏¨‡∏≤ ‡∏î‡∏π‡∏ö‡∏≠‡∏•‡∏™‡∏î ‡∏´‡∏ô‡∏±‡∏á ‡∏Å‡∏≤‡∏£‡πå‡∏ï‡∏π‡∏ô Onlyfan,berlin777 (‡πÄ‡∏ö‡∏≠‡∏£‡πå‡∏•‡∏¥‡∏ô777) ‡∏Ñ‡∏≤‡∏™‡∏¥‡πÇ‡∏ô‡∏≠‡∏≠‡∏ô‡πÑ‡∏•‡∏ô‡πå‡πÄ‡∏ß‡πá‡∏ö‡∏ï‡∏£‡∏á ‡∏Ñ‡∏£‡∏ö‡∏à‡∏ö‡πÉ‡∏ô‡∏ó‡∏µ‡πà‡πÄ‡∏î‡∏µ‡∏¢‡∏ß ‡∏®‡∏π‡∏ô‡∏¢‡πå‡∏£‡∏ß‡∏°‡∏Ñ‡∏ß‡∏≤‡∏°‡∏ö‡∏±‡∏ô‡πÄ‡∏ó‡∏¥‡∏á‡∏≠‡∏≠‡∏ô‡πÑ‡∏•‡∏ô‡πå ‡∏Ñ‡∏£‡∏ö‡∏ß‡∏á‡∏à‡∏£ ‡∏Ñ‡∏≤‡∏™‡∏¥‡πÇ‡∏ô‡∏≠‡∏≠‡∏ô‡πÑ‡∏•‡∏ô‡πå ‡∏Ç‡πà‡∏≤‡∏ß‡∏Å‡∏µ‡∏¨‡∏≤ ‡∏î‡∏π‡∏ö‡∏≠‡∏•‡∏™‡∏î ‡∏ú‡∏•‡∏ö‡∏≠‡∏• ‡∏ó‡∏µ‡πÄ‡∏î‡πá‡∏î ‡∏´‡∏ô‡∏±‡∏á ‡∏Å‡∏≤‡∏£‡πå‡∏ï‡∏π‡∏ô Onlyfan ,,
berlin777.online,berlin777 (‡πÄ‡∏ö‡∏≠‡∏£‡πå‡∏•‡∏¥‡∏ô777) ‡∏Ñ‡∏£‡∏ö‡∏à‡∏ö‡πÉ‡∏ô‡∏ó‡∏µ‡πà‡πÄ‡∏î‡∏µ‡∏¢‡∏ß ‡∏Ñ‡∏≤‡∏™‡∏¥‡πÇ‡∏ô‡∏≠‡∏≠‡∏ô‡πÑ‡∏•‡∏ô‡πå ‡∏Ç‡πà‡∏≤‡∏ß‡∏Å‡∏µ‡∏¨‡∏≤ ‡∏î‡∏π‡∏ö‡∏≠‡∏•‡∏™‡∏î ‡∏´‡∏ô‡∏±‡∏á ‡∏Å‡∏≤‡∏£‡πå‡∏ï‡∏π‡∏ô Onlyfan,berlin777 (‡πÄ‡∏ö‡∏≠‡∏£‡πå‡∏•‡∏¥‡∏ô777) ‡∏Ñ‡∏≤‡∏™‡∏¥‡πÇ‡∏ô‡∏≠‡∏≠‡∏ô‡πÑ‡∏•‡∏ô‡πå‡πÄ‡∏ß‡πá‡∏ö‡∏ï‡∏£‡∏á ‡∏Ñ‡∏£‡∏ö‡∏à‡∏ö‡πÉ‡∏ô‡∏ó‡∏µ‡πà‡πÄ‡∏î‡∏µ‡∏¢‡∏ß ‡∏®‡∏π‡∏ô‡∏¢‡πå‡∏£‡∏ß‡∏°‡∏Ñ‡∏ß‡∏≤‡∏°‡∏ö‡∏±‡∏ô‡πÄ‡∏ó‡∏¥‡∏á‡∏≠‡∏≠‡∏ô‡πÑ‡∏•‡∏ô‡πå ‡∏Ñ‡∏£‡∏ö‡∏ß‡∏á‡∏à‡∏£ ‡∏Ñ‡∏≤‡∏™‡∏¥‡πÇ‡∏ô‡∏≠‡∏≠‡∏ô‡πÑ‡∏•‡∏ô‡πå ‡∏Ç‡πà‡∏≤‡∏ß‡∏Å‡∏µ‡∏¨‡∏≤ ‡∏î‡∏π‡∏ö‡∏≠‡∏•‡∏™‡∏î ‡∏ú‡∏•‡∏ö‡∏≠‡∏• ‡∏ó‡∏µ‡πÄ‡∏î‡πá‡∏î ‡∏´‡∏ô‡∏±‡∏á ‡∏Å‡∏≤‡∏£‡πå‡∏ï‡∏π‡∏ô Onlyfan ,,
berlin777.today,berlin777 (‡πÄ‡∏ö‡∏≠‡∏£‡πå‡∏•‡∏¥‡∏ô777) ‡∏Ñ‡∏£‡∏ö‡∏à‡∏ö‡πÉ‡∏ô‡∏ó‡∏µ‡πà‡πÄ‡∏î‡∏µ‡∏¢‡∏ß ‡∏Ñ‡∏≤‡∏™‡∏¥‡πÇ‡∏ô‡∏≠‡∏≠‡∏ô‡πÑ‡∏•‡∏ô‡πå ‡∏Ç‡πà‡∏≤‡∏ß‡∏Å‡∏µ‡∏¨‡∏≤ ‡∏î‡∏π‡∏ö‡∏≠‡∏•‡∏™‡∏î ‡∏´‡∏ô‡∏±‡∏á ‡∏Å‡∏≤‡∏£‡πå‡∏ï‡∏π‡∏ô Onlyfan,berlin777 (‡πÄ‡∏ö‡∏≠‡∏£‡πå‡∏•‡∏¥‡∏ô777) ‡∏Ñ‡∏≤‡∏™‡∏¥‡πÇ‡∏ô‡∏≠‡∏≠‡∏ô‡πÑ‡∏•‡∏ô‡πå‡πÄ‡∏ß‡πá‡∏ö‡∏ï‡∏£‡∏á ‡∏Ñ‡∏£‡∏ö‡∏à‡∏ö‡πÉ‡∏ô‡∏ó‡∏µ‡πà‡πÄ‡∏î‡∏µ‡∏¢‡∏ß ‡∏®‡∏π‡∏ô‡∏¢‡πå‡∏£‡∏ß‡∏°‡∏Ñ‡∏ß‡∏≤‡∏°‡∏ö‡∏±‡∏ô‡πÄ‡∏ó‡∏¥‡∏á‡∏≠‡∏≠‡∏ô‡πÑ‡∏•‡∏ô‡πå ‡∏Ñ‡∏£‡∏ö‡∏ß‡∏á‡∏à‡∏£ ‡∏Ñ‡∏≤‡∏™‡∏¥‡πÇ‡∏ô‡∏≠‡∏≠‡∏ô‡πÑ‡∏•‡∏ô‡πå ‡∏Ç‡πà‡∏≤‡∏ß‡∏Å‡∏µ‡∏¨‡∏≤ ‡∏î‡∏π‡∏ö‡∏≠‡∏•‡∏™‡∏î ‡∏ú‡∏•‡∏ö‡∏≠‡∏• ‡∏ó‡∏µ‡πÄ‡∏î‡πá‡∏î ‡∏´‡∏ô‡∏±‡∏á ‡∏Å‡∏≤‡∏£‡πå‡∏ï‡∏π‡∏ô Onlyfan ,,
berlin777.world,berlin777 (‡πÄ‡∏ö‡∏≠‡∏£‡πå‡∏•‡∏¥‡∏ô777) ‡∏™‡∏°‡∏≤‡∏ä‡∏¥‡∏Å‡πÉ‡∏´‡∏°‡πà 100% ‡πÇ‡∏õ‡∏£‡πÇ‡∏°‡∏ä‡∏±‡πà‡∏ô‡∏î‡∏µ‡∏ó‡∏µ‡πà‡∏™‡∏∏‡∏î‡∏õ‡∏µ 2023,berlin777 (‡πÄ‡∏ö‡∏≠‡∏£‡πå‡∏•‡∏¥‡∏ô777) ‡∏Ñ‡∏≤‡∏™‡∏¥‡πÇ‡∏ô‡∏≠‡∏≠‡∏ô‡πÑ‡∏•‡∏ô‡πå‡πÄ‡∏ß‡πá‡∏ö‡∏ï‡∏£‡∏á ‡πÇ‡∏õ‡∏£‡πÇ‡∏°‡∏ä‡∏±‡πà‡∏ô‡∏î‡∏µ‡∏ó‡∏µ‡πà‡∏™‡∏∏‡∏î‡∏õ‡∏µ 2023 ‡∏™‡∏°‡∏±‡∏Ñ‡∏£‡∏á‡πà‡∏≤‡∏¢‡πÄ‡∏û‡∏µ‡∏¢‡∏á 2 ‡∏Ç‡∏±‡πâ‡∏ô‡∏ï‡∏≠‡∏ô ‡∏™‡∏°‡∏≤‡∏ä‡∏¥‡∏Å‡πÉ‡∏´‡∏°‡πà 100% ‡∏ä‡∏ß‡∏ô‡πÄ‡∏û‡∏∑‡πà‡∏≠‡∏ô 0.7% ‡∏Ñ‡∏∑‡∏ô‡∏¢‡∏≠‡∏î 0.3%,,
berlin88.co,Berlin303 : Situs Game Slot Online Tergacor Dan Maxwin Terbesar Di Indonesia,BERLIN303 merupakan Situs Game Slot Online Tergacor Dan Maxwin Terbesar Di Indonesia.,,
berlin88.site,Berlin303 : Situs Game Slot Online Tergacor Dan Maxwin Terbesar Di Indonesia,BERLIN303 merupakan Situs Game Slot Online Tergacor Dan Maxwin Terbesar Di Indonesia.,,
bermain-voxy88.pro,,,Timeout (Redirect or Server Error),
bermain12345buntut77.store,,,,403.0
bermain1234buntut77.store,,,,403.0
bermain123buntut77.site,,,,403.0
bermain12buntut77.online,,,,403.0
bermain189.online,,,Timeout (Redirect or Server Error),
bermain1buntut77.online,,,,403.0
bermain81.xyz,,,Timeout (Redirect or Server Error),
bermainbuntut77.homes,,,,403.0
bermaincrystalbet88.xyz,,,Timeout (Redirect or Server Error),
bermaindiaxl777.cfd,,,,500.0
bermaindiaxl777.lol,,,,403.0
bermaindiaxl777.online,,,,500.0
bermaindipulau88.com,,,,403.0
bermainlumi777.click,,,,403.0
bermainseru388.shop/*,,,Timeout (Redirect or Server Error),
berry188.com,,,,403.0
berry188.net,BERRY188 | Info RTP Tinggi Slot Online Beri188 Terbaik Anti Rungkat,Berry188 menyiapkan informasi RTP tertinggi pada permainan slot online. Dengan main di Beri188 maka dipastikan akan anti rungkat.,,
berry188.xyz,,,Timeout (Redirect or Server Error),
berry188a.com,BERRY188 - SITUS AGEN SLOT ONLINE GACOR TERBAIK INDONESIA,"BERRY188 - SITUS AGEN SLOT ONLINE GACOR TERBAIK INDONESIA Di jaman serba canggih ini, tidak‚Ä¶",,
berry188a.net,BERRY188 - Situs Pilihan Judi Slot Online Terbaik Indonesia,Berry188 merupakan situs pilihan judi slot online terbaik dan terpercaya Indonesia. Tersedia berbagai jenis pilihan game slot online gacor,,
berry188a.org,BERRY188 - Situs Pilihan Judi Slot Online Terbaik Indonesia,Berry188 merupakan situs pilihan judi slot online terbaik dan terpercaya Indonesia. Tersedia berbagai jenis pilihan game slot online gacor,,
berry188a.pro,BERRY188 - PUSAT GAME SLOT ONLINE BERI188 RTP TERTINGGI ANTI RUNGKAD - BERRY188,BERRY188 - PUSAT GAME SLOT ONLINE BERI188 RTP TERTINGGI ANTI RUNGKAD Sebagai pemain judi slot‚Ä¶,,
berry188a.xyz,BERRY188 ‚Äì LINK ALTERNATIF LOGIN SLOT ONLINE ANTI BLOKIR,,,
berry188b.com,BERRY188 - GAME SLOT SERVER LUAR BIKIN PASTI JP,Berry188 merupakan game slot server luar yang bikin pasti JP. Maka dari itu tidak heran jika Berry 188 adalah situs slot online yang terbaik.,,
berry188b.pro,,,Timeout (Redirect or Server Error),
berry188b.xyz,,,Timeout (Redirect or Server Error),
berry188c.com,BERRY188 - Situs Pilihan Judi Slot Online Terbaik Indonesia,Berry188 merupakan situs pilihan judi slot online terbaik dan terpercaya Indonesia. Tersedia berbagai jenis pilihan game slot online gacor,,
berry188c.pro,BERRY188 - Situs Pilihan Judi Slot Online Terbaik Indonesia,Berry188 merupakan situs pilihan judi slot online terbaik dan terpercaya Indonesia. Tersedia berbagai jenis pilihan game slot online gacor,,
berry188c.xyz,BERRY188 - Situs Game Online Resmi dan Terpercaya Indonesia,Berry188 merupakan salah satu situs game online resmi dan terpercaya Indonesia. Melalui Berry 188 kamu bisa memainkan berbagai game online.,,
berry188d.pro,BERRY188 - Situs Pilihan Judi Slot Online Terbaik Indonesia,Berry188 merupakan situs pilihan judi slot online terbaik dan terpercaya Indonesia. Tersedia berbagai jenis pilihan game slot online gacor,,
berry188d.xyz,BERRY188 - Situs Pilihan Judi Slot Online Terbaik Indonesia,Berry188 merupakan situs pilihan judi slot online terbaik dan terpercaya Indonesia. Tersedia berbagai jenis pilihan game slot online gacor,,
berry777.monster,,,Timeout (Redirect or Server Error),
berry777.online,,,Timeout (Redirect or Server Error),
berry777.pics,,,Timeout (Redirect or Server Error),
berry777.pro,,,Timeout (Redirect or Server Error),
berry777.quest,,,Timeout (Redirect or Server Error),
berry777.xyz,,,Timeout (Redirect or Server Error),
berry88.com,Berry88 | Taklukan Tantangan Dan Ambil Jackpot Besar Now!,Berry88 Tempat di mana tantangan dan kemenangan bersatu lewat game online situs ini penuh adrenalin serta peluang menang jackpot tinggi.,,
berry88.org,Berry88 - Link Situs Penyedia Akun Pro Pasti Jackpot Gede,Berry88 merupakan link situs penyedia daftar akun pro terbaru dan paling terpercaya saat ini pasti gampang dapat jackpot gede.,,
bersama-voxy88.art,,,Timeout (Redirect or Server Error),
bersama388.buzz,,,Timeout (Redirect or Server Error),
bersama388.com,,,Timeout (Redirect or Server Error),
bersama388.hair,,,Timeout (Redirect or Server Error),
bersama388.help,,,Timeout (Redirect or Server Error),
bersama388.homes,,,Timeout (Redirect or Server Error),
bersama388.ink,,,Timeout (Redirect or Server Error),
bersama388.lat,,,Timeout (Redirect or Server Error),
bersama388.live,,,Timeout (Redirect or Server Error),
bersama388.mom,,,Timeout (Redirect or Server Error),
bersama388.pro,,,Timeout (Redirect or Server Error),
bersama388.quest,,,Timeout (Redirect or Server Error),
bersama388.shop,,,Timeout (Redirect or Server Error),
bersama388.skin,,,"SSLError HTTPSConnectionPool(host='bersama388.skin', port=443): Max retries exceeded with url: / (Caused by SSLError(SSLCertVerificationError(5, ""[SSL: CERTIFICATE_VERIFY_FAILED] certificate verify failed: Hostname mismatch, certificate is not valid for 'bersama388.skin'. (_ssl.c:1006)"")))",
bersama388.today,,,Timeout (Redirect or Server Error),
bersama388.win,,,Timeout (Redirect or Server Error),
bersama388.xyz,,,Timeout (Redirect or Server Error),
bersama388a.club,,,Timeout (Redirect or Server Error),
bersama388a.live,,,"SSLError HTTPSConnectionPool(host='bersama388a.live', port=443): Max retries exceeded with url: / (Caused by SSLError(SSLCertVerificationError(5, ""[SSL: CERTIFICATE_VERIFY_FAILED] certificate verify failed: Hostname mismatch, certificate is not valid for 'bersama388a.live'. (_ssl.c:1006)"")))",
bersama388a.sbs,,,Timeout (Redirect or Server Error),
bersama389.com,Bersama4D | Situs Game Terbaik Dengan Tingkat Kemenangan Tertinggi,"Bersama4d merupakan situs game online yang memiliki tingkat kesempatan menang jackpot yang sangat tinggi dalam setiap putaran pada permainan game online nya, daftar dan raih jackpotnya hari ini.",,
bersama55.com,BERSAMA4D: Agen Link Game Online Viral Deposit QRIS,Bersama4d merupakan situs viral no.1 di Indonesia yang akan membayar kemenangan anda dengan nominal berapapun kepada seluruh member yang memenangkan jackpot terbesar.,,
bersama555.com,BERSAMA4D: Agen Link Game Online Viral Deposit QRIS,Bersama4d merupakan situs viral no.1 di Indonesia yang akan membayar kemenangan anda dengan nominal berapapun kepada seluruh member yang memenangkan jackpot terbesar.,,
bersama62.com,,,Timeout (Redirect or Server Error),
bersama77.com,,,,403.0
bersama777.com,Bersama138 : Situs Slot Judi Gacor Terbaik #2024,Bersama138 merupakan agen situs slot gacor terbaik yang pernah ada di Indonesia dengan minimal depo 5k dengan pola RTP 96% Terpercaya,,
bersama88.co,Bersama88 | Website Game Online Depo Tercepat Di Indonesia,Bersama88 adalah tempat bermain game online resmi di Indonesia yang menyediakan fasilitas deposit hanya dalam hitungan detik.,,
bersamaasiahoki77.com/*,,,,403.0
bersamabds367a.lol,,,,403.0
bersamabds367b.lol,,,,403.0
bersamabuaya5x.click,,,Timeout (Redirect or Server Error),
bersamabuntut77.shop,BUNTUT77TOTO Situs Game Online Penghasil Banyak Uang,BUNTUT77TOTO adalah Situs Game Gacor Hari Ini Dengan Modal Kecil dan gampang menang setiap hari dengan rate RTP tertinggi Setiap Hari.,,
bersamakaisar789.shop,,,Timeout (Redirect or Server Error),
bersamakitacuandicuan77.click/*,,,,403.0
bersamakitacuandicuan77.website/*,,,,403.0
bersamakursi4d.net,,,Timeout (Redirect or Server Error),
bersamakursi4d.org,,,Timeout (Redirect or Server Error),
bersamamusim88.pro,,,,403.0
bersamamusim88.xyz,,,,403.0
bersamaojol789.top,,,,403.0
bersamaplatinum789.lol,,,Timeout (Redirect or Server Error),
bersamapulau88.com,Index of /,,,
bersamatri96.site,,,Timeout (Redirect or Server Error),
bersamatri96.xyz,,,,
bersamaugbet88.monster,,,Timeout (Redirect or Server Error),
bersaturelx855.site,Account Suspended,,,
bersinaragen878.site,,,Timeout (Redirect or Server Error),
bersinarjoki88.art,JOKIQQ - Game Gacor Terbaik,Jokiqq salah satu situs game poker online terbaik nan gacor.Top up mudah melaui pulsa dan Segala jenis E-Wallet.Spin dan Cash Out,,
bersoda77.pro,,,,403.0
bertprill19144561.kred,,,Timeout (Redirect or Server Error),
beruang4d.click,"            BERUANG4D
    ",BERUANG4D merupakan link judi online mudah menang hari ini dengan banyak promo dan bonus yang di berikan untuk para member yang ikut bergabung bersama BERUANG4D.,,
beruang4d388.online,"            BERUANG4D
    ",BERUANG4D merupakan link judi online mudah menang hari ini dengan banyak promo dan bonus yang di berikan untuk para member yang ikut bergabung bersama BERUANG4D.,,
beruang4d388.site,"            BERUANG4D
    ",BERUANG4D merupakan link judi online mudah menang hari ini dengan banyak promo dan bonus yang di berikan untuk para member yang ikut bergabung bersama BERUANG4D.,,
beruang4d388.xyz,"            BERUANG4D
    ",BERUANG4D merupakan link judi online mudah menang hari ini dengan banyak promo dan bonus yang di berikan untuk para member yang ikut bergabung bersama BERUANG4D.,,
beruang4d99.info,,,Timeout (Redirect or Server Error),
beruang4d99.shop,,,Timeout (Redirect or Server Error),
beruang77.com,Beruang77 | Website Entertainment Mudah Jepeh for Beginner,Beruang77 adalah salah satu diantara hiburan terbaik penghasil uang asli karena memiliki tingkat kemenangan yang amat tinggi yaitu Jackpot.,,
beruang77.net,BERUANG77 ~ BERUANG 77 Win At The Start Of The Round BERUANG77,BERUANG77 ayo bergabung sekarang juga dan mainkan semua jenis game online yang begitu mudah untuk anda mainkan dan kami akan memberikan anda kemenangan hingga ratusan juta dengan sekali spin di awal permainan online.,,
beruang77.org,Beruang77 | Developer Game Online Terbaru dan Terlengkap,Beruang77 Merupakan salah satu developer permainan online terbaru dan terlengkap juga dilengkapi dengan berbagai bonus jackpot besar.,,
beruang88.live,BERUANG88 - Situs Judi Online Terbaik & Terpercaya,Selamat datang di situs permainan online terbaik,,
beruang99.com,,,Timeout (Redirect or Server Error),
beruk77.co,Beruk77 : Tips Bermain Game Zeus Jitu Dijamin Jackpot Paus,"Beruk77 ajarin dong puh tips bermain game slot gacor zeus paling akurat saat ini,Daftar sekarang dan raih jackpot paus dengan mudah.",,
beruk77.com,Beruk77 | Link Akses Member VVIP Premium Mudah Jepeh Max,Beruk77 memberikan maxwin permainan gampang menang jepeh dengan loyalitas bonus best price dan tambahan layanan premium kelas kakap.,,
beruk77.org,Beruk77 | Popular Gaming Site With Number 1 Download Rate,"Beruk77 is the most popular online gaming site dengan peringkat nomor 1 download terbanyak di google saat ini, download dan mainkan sekarang.",,
beruntung158.xyz,TOGEL158 üåπ Rekomendasi Link Game Online Paling Keren Dan Terpopuler 2024,Togel158 Merupakan Situs Rekomendasi Game Online Paling Keren Dan Terpopuler 2024. Mainkan Dan Login Game Seru Togel158 Yang Wajib Dicoba Dan Nikmati Pengalaman Bermain Yang Tak Terlupakan.,,
djbalthazar.com,djbalthazar.com - Informasi Tentang Lifestyle & Game Judi Online,Informasi Tentang Lifestyle & Game Judi Online,,
djbet168.com,ÁªºÂêàÂπ≥Âè∞ÂÆòÊñπÁõ¥Ëê•_ÂçÅÂπ¥‰ø°Ë™â,,,
djbet178.com,ÁªºÂêàÂπ≥Âè∞ÂÆòÊñπÁõ¥Ëê•_ÂçÅÂπ¥‰ø°Ë™â,,,
djbet268.com,ÁªºÂêàÂπ≥Âè∞ÂÆòÊñπÁõ¥Ëê•_ÂçÅÂπ¥‰ø°Ë™â,,,
djbet278.com,ÁªºÂêàÂπ≥Âè∞ÂÆòÊñπÁõ¥Ëê•_ÂçÅÂπ¥‰ø°Ë™â,,,
djbet358.com,Â§ßÂ•ñÂ®±‰πê,,,
djbet368.com,ÁªºÂêàÂπ≥Âè∞ÂÆòÊñπÁõ¥Ëê•_ÂçÅÂπ¥‰ø°Ë™â,,,
djbet398.com,ÁªºÂêàÂπ≥Âè∞ÂÆòÊñπÁõ¥Ëê•_ÂçÅÂπ¥‰ø°Ë™â,,,
djbigai.com,,,Timeout (Redirect or Server Error),
djbigwin.com,ÁªºÂêàÂπ≥Âè∞ÂÆòÊñπÁõ¥Ëê•_ÂçÅÂπ¥‰ø°Ë™â,,,
djbillman.com,DJ West Palm Beach Gardens Jupiter Stuart Hobe Sound Florida Karaoke,"Wedding & Party DJ services with professional music entertainment, MC, karaoke, wedding ceremony reception, sweet 16, birthday, anniversary and more.",,
djblockchain.com,,,Timeout (Redirect or Server Error),
djblues.com,,,Timeout (Redirect or Server Error),
djbooker.com,Djbooker.com may be for sale - PerfectDomain.com,Checkout the full domain details of Djbooker.com. Click Buy Now to instantly start the transaction or Make an offer to the seller!,,
djbrice.com,"DJ Brice | Franklin, TN Wedding DJs",Wedding DJ and Emcee in Franklin & Nashville Tennessee.,,
djbudai.com,,,Timeout (Redirect or Server Error),
gaechok.com,,,Timeout (Redirect or Server Error),
gaelavisions.com,,,Timeout (Redirect or Server Error),
gaelicsingers.com/*,,,Timeout (Redirect or Server Error),
gaelle-sen-mele.com,,,Timeout (Redirect or Server Error),
gaellevousdittout.fr,,,Timeout (Redirect or Server Error),
gaelmontavon.kred,,,Timeout (Redirect or Server Error),
gaemlonline.com,,,Timeout (Redirect or Server Error),
gaerlv.com,GAERLV.COM,,,
gaertnerei-groenfingers.de,Home Gr√∂nfingers.de - Gr√∂nfingers Rostock Gartenfachmarkt GmbH,"Home Gr√∂nfingers.de ‚ñ∫ Herzlich Wilkommen bei uns ist immer was los ‚Äì bei jedem Wetter, zu jeder Jahreszeit ‚óÑ Jetzt klicken",,
gaertnerflowers.com,,,,
gaest.com,,,,403.0
gaestus.dk,Forside,gaestus hj√¶lper dig med alt lige fra valget af gavens indhold til den smukke gaveindpakning og det s√∏de lyk√∏nskningskort.,,
gaetanorossini.com,,,Timeout (Redirect or Server Error),
mcstaging.gaf-co.com,Home page,,,
gaf.com.gt/*,,,Timeout (Redirect or Server Error),
gaf.edu.eg,Home I GAF I University of Hertfordshire in Egypt,The University of Hertfordshire (UH) is one of the top 200 universities under 50 years old in the world and is a certified Gold Rated University by the UK Teaching Excellence Framework (TEF),,
gafasdirect.com,,,Timeout (Redirect or Server Error),
gafasraybanofes.biz,Registrant WHOIS contact information verification | Namecheap.com,,,
gafbsaeigtls57.kred,,,Timeout (Redirect or Server Error),
gaffeltruckcertifikat.dk,Gaffeltruck Certifikat,F√• certifikat til gaffeltruck,,
gaffikin.com,,,Timeout (Redirect or Server Error),
gafflife.com,,,Timeout (Redirect or Server Error),
gaffneycline.com,GaffneyCline Energy Advisory | Baker Hughes,Push the boundaries of what‚Äôs possible from your energy projects with the sound strategies and execution planning of GaffneyCline Energy Advisory.,,
gafsf1zkaxodtx.kred,,,Timeout (Redirect or Server Error),
gaft8-tizmaar.com,,,,
gafx.net,,,Timeout (Redirect or Server Error),
gag50.com,,,Timeout (Redirect or Server Error),
gag951.com,,,,403.0
gaga.is,,,Timeout (Redirect or Server Error),
gaga4d.info,,,,500.0
gaga4d.live,,,,500.0
gaga4d.net,,,Timeout (Redirect or Server Error),
gaga4d.pro,,,,500.0
gaga59.com,,,Timeout (Redirect or Server Error),
gaga6070.com/*,,,Timeout (Redirect or Server Error),
gaga7070.com/*,,,Timeout (Redirect or Server Error),
gaga828kh.com,GAGA828 KH,,,
m.gaga855.com,,,Timeout (Redirect or Server Error),
m.gaga855.net,GAGA855-3G,,,
m.gaga855bet.com,GAGA855BET-3G,,,
m.gaga855kh.com,GAGA855KH-3G,,,
m.gaga855kh.net,GAGA855KH-3G,,,
gaga88.net,Gaga88 ¬ª Trusted Website #1 Login and Get Your Jackpot Now,"Gaga88 adalah website terpercaya yang menawarkan akses login tanpa batas and get your highest jackpot today with us, situs Games #1 Asia.",,
gaga88.org,Gaga88 | Link Akses Member VVIP Premium Mudah Jepeh Max,Gaga88 memberikan maxwin permainan gampang menang jepeh dengan loyalitas bonus best price dan tambahan layanan premium kelas kakap.,,
m.gagabet.net,GAGABET-3G,,,
gagachic.com,,,Timeout (Redirect or Server Error),
gagaga7080.com,,,Timeout (Redirect or Server Error),
gagagraphics.com,,,Timeout (Redirect or Server Error),
gagagurigalanigujama.site,,,,403.0
gagah789.co,,,Timeout (Redirect or Server Error),
gagah789.info,,,Timeout (Redirect or Server Error),
gagah789.net,,,Timeout (Redirect or Server Error),
gagah789.org,,,"SSLError HTTPSConnectionPool(host='gagah789.org', port=443): Max retries exceeded with url: / (Caused by SSLError(SSLError(1, '[SSL: SSLV3_ALERT_HANDSHAKE_FAILURE] ssl/tls alert handshake failure (_ssl.c:1006)')))",
gagah789.top,,,Timeout (Redirect or Server Error),
gagah789.xyz,,,Timeout (Redirect or Server Error),
gagahpemberanipancenoye568.click,KINGTOTO78 - Daftar dan Login Platform Game Online Resmi,Selamat datang di link resmi KINGTOTO78 dimana anda bisa merasakan permainan menarik dengan berbagai macan promosi yang kami tawarkan seperti bonus deposit setiap hari.,,
gagahperkasa777.click,,,,403.0
gagahslotvip.mom,,,TooManyRedirects Exceeded 30 redirects.,
gagak138.org,Gagak138 | Link Akses Member VVIP Premium Mudah Jepeh Max,Gagak138 memberikan maxwin permainan gampang menang jepeh dengan loyalitas bonus best price dan tambahan layanan premium kelas kakap.,,
gagak77.co,Gagak77 | Website Entertainment Mudah Jepeh for Beginner,Gagak77 adalah salah satu diantara hiburan terbaik penghasil uang asli karena memiliki tingkat kemenangan yang amat tinggi yaitu Jackpot.,,
gagak88.com,Gagak88 | Link Akses Member VVIP Premium Mudah Jepeh Max,Gagak88 memberikan maxwin permainan gampang menang jepeh dengan loyalitas bonus best price dan tambahan layanan premium kelas kakap.,,
gagak99.co,Gagak99 - Tips Bermain Game Zeus Jitu Dijamin Jackpot Paus,"Gagak99 ajarin dong puh tips bermain game slot gacor zeus paling akurat saat ini, Daftar sekarang dan raih jackpot paus dengan mudah.",,
gagak99.net,Gagak99 | Website Entertainment Mudah Jepeh for Beginner,Gagak99 adalah salah satu diantara hiburan terbaik penghasil uang asli karena memiliki tingkat kemenangan yang amat tinggi yaitu Jackpot.,,
gagakentucky.xyz,,,"SSLError HTTPSConnectionPool(host='gagakentucky.xyz', port=443): Max retries exceeded with url: / (Caused by SSLError(SSLCertVerificationError(5, '[SSL: CERTIFICATE_VERIFY_FAILED] certificate verify failed: certificate has expired (_ssl.c:1006)')))",
gagakhitam.bio,,,Timeout (Redirect or Server Error),
gagakhitam.com,,,Timeout (Redirect or Server Error),
gagakhitam.fun,,,Timeout (Redirect or Server Error),
gagakhitam.site,Wishslot ¬ª Situs Judi Slot Online Gacor Resmi dan Terpercaya Indonesia,Wishslot Merupakan Situs Judi Slot Online Gacor Terbaik dan Terpercaya Indonesia Resmi Deposit Pulsa Tanpa Potongan Dengan Minimal Deposit Hanya 30ribu Tahun 2022-2023.,,
gagakindobet.xyz,,,TooManyRedirects Exceeded 30 redirects.,
gagaliga.lat,,,,403.0
gagamorocco.xyz,,,"SSLError HTTPSConnectionPool(host='gagamorocco.xyz', port=443): Max retries exceeded with url: / (Caused by SSLError(SSLCertVerificationError(5, '[SSL: CERTIFICATE_VERIFY_FAILED] certificate verify failed: certificate has expired (_ssl.c:1006)')))",
gaganda.com,,,Timeout (Redirect or Server Error),
gagansingla.kred,,,Timeout (Redirect or Server Error),
gagap.shop,,,Timeout (Redirect or Server Error),
gagarinsky.com,,,Timeout (Redirect or Server Error),
gagasaga.com,,,Timeout (Redirect or Server Error),
gagasgppools.xyz,,,"SSLError HTTPSConnectionPool(host='gagasgppools.xyz', port=443): Max retries exceeded with url: / (Caused by SSLError(SSLCertVerificationError(5, '[SSL: CERTIFICATE_VERIFY_FAILED] certificate verify failed: certificate has expired (_ssl.c:1006)')))",
gagasjpselalu.com,,,Timeout (Redirect or Server Error),
gagasjpselalu.net,,,Timeout (Redirect or Server Error),
gagasselalu.xyz,,,Timeout (Redirect or Server Error),
gagatexas.xyz,,,"SSLError HTTPSConnectionPool(host='gagatexas.xyz', port=443): Max retries exceeded with url: / (Caused by SSLError(SSLCertVerificationError(5, '[SSL: CERTIFICATE_VERIFY_FAILED] certificate verify failed: certificate has expired (_ssl.c:1006)')))",
gagatogel.net,,,Timeout (Redirect or Server Error),
gagatogel.org,,,Timeout (Redirect or Server Error),
gagazet.com,,,Timeout (Redirect or Server Error),
gagerhotels.com,,,Timeout (Redirect or Server Error),
gaggia-na.com,Welcome to Gaggia North America!,"Learn about espresso, keep up-to-date with news and sales, and keep your finger on the pulse for all things Gaggia in North America.",,
gaggia.com.au,Gaggia Australia - Domestic Manual & Automatic Coffee Machines,Gaggia coffee machines offers you the home barista experience. Discover our Domestic Manual & Automatic Coffee Machines & Coffee Accessories,,
gaggiaprofessional.nl,Home - Gaggia Professional - Nederland,,,
gagnac.com,,,Timeout (Redirect or Server Error),
gagneac.com,"HVAC Company Servicing Alpharetta, GA | Gagne HVAC","If you need help for your home's heating or cooling, be sure to call the pros at Gagne HVAC. We have certified technicians around the corner! Click to call or schedule an appointment, today!",,
gagnergratuit.com,,,Timeout (Redirect or Server Error),
gagpxznrxmikna8.kred,,,Timeout (Redirect or Server Error),
gagtuae.com,Home,Gulf Asian General Trading LLC is the only UAE based company that offers complete hospitality including hotel linen supplier,,
amedsohbet.com,Amedsohbet.Com Diyarbakƒ±r Sohbet ve Amed Chat Odalarƒ±,Diyarbakƒ±r Amed Sohbet sitesi mobil √ºcretsiz chat odalarƒ± canlƒ± √ºyelerimiz ile doyasƒ±ya sohbet edebileceƒüiniz yep yeni muhabbet sunucunuz.,,
amefs.com,,,Timeout (Redirect or Server Error),
amer4dpres.com,Amer4D - Agen Game Mudah Menang Dan Terpercaya Di Indonesia 2023,Selamat datang di link amer4d sebagai agen terpercaya mudah menang dan link alternatif amer4d terlengkap di indonesia saat ini.,,
americabuffet.com,,,Timeout (Redirect or Server Error),
americachallenge.com,,,Timeout (Redirect or Server Error),
americaex.com,,,Timeout (Redirect or Server Error),
americaforlife.com,,,Timeout (Redirect or Server Error),
americanadvantagemortgage.com,,,Timeout (Redirect or Server Error),
americanafm.com,,,Timeout (Redirect or Server Error),
americanamarket.com,,,Timeout (Redirect or Server Error),
americanarchitecturalsalvage.com,,,,
americanautobrokerage.com,,,Timeout (Redirect or Server Error),
americanautoexchange.com,,,Timeout (Redirect or Server Error),
americanavintage.com,,,Timeout (Redirect or Server Error),
americanbankersnet.com,Apply for ERC - Get the highest return guaranteed,We Specialize in Maximizing ERC for Small Businesses. The CARES Act has allocated more funding for businesses affected during the COVID-19 Pandemic,,
americanbaptistcollege.com,,,Timeout (Redirect or Server Error),
americanbarterexchange.com,,,Timeout (Redirect or Server Error),
americanbrokerage.com,,,Timeout (Redirect or Server Error),
americanbulge.com,,,Timeout (Redirect or Server Error),
americanbushcraft.com,,,Timeout (Redirect or Server Error),
americanchairmassage.com,,,Timeout (Redirect or Server Error),
americancharterlines.com,Charter bus and mini bus rentals,"Charter Bus Rentals and Prices, Instantly Seamless & Easy through American Charterlines",,
americancheckexchange.com,,,Timeout (Redirect or Server Error),
americanclassicstorage.com,American Classic Storage,"American Classic Storage provides the tools for you to find, compare, and rent the best self storage in your area.",,
americandigitallife.com,,,Timeout (Redirect or Server Error),
americanenglishlanguage.com,,,Timeout (Redirect or Server Error),
americanfamilymortgage.com,,,Timeout (Redirect or Server Error),
americanfinancingmortgage.org,,,Timeout (Redirect or Server Error),
americanfinancingmortgage.us,,,Timeout (Redirect or Server Error),
americanfl.com,,,Timeout (Redirect or Server Error),
americanfoodmarket.com,,,Timeout (Redirect or Server Error),
americanfootballcollege.com,,,Timeout (Redirect or Server Error),
americanfp.com,,,Timeout (Redirect or Server Error),
americangrey.com,,,Timeout (Redirect or Server Error),
americanhealthinfo.com,,,Timeout (Redirect or Server Error),
americanheartlandmortgage.com,,,Timeout (Redirect or Server Error),
americanhomeandgardenexchange.com,NAGA888 - Daftar Slot Gacor Gampang Menang Hari Ini,NAGA888 merupakan salah satu situs slot online terbaik di Indonesia yang menawarkan berbagai permainan slot gacor yang sangat mudah untuk dimenangkan.,,
americanhomeappliancefl.com,,,,
americanhomefm.com,"Furniture and Mattresses in Lacey, WA | American Home Furniture","Come shop at American Home Furniture & Mattress for a large selection, expert advice &amp; the best deals in town. Stop by our showroom in Lacey, WA, today!",,
americanindependentmortgage.com,,,Timeout (Redirect or Server Error),
americanintegritymortgage.com,Americanintegritymortgage.com,,,
americaninterview.com,,,Timeout (Redirect or Server Error),
americanjewishheritage.com,,,Timeout (Redirect or Server Error),
americankitchencabinet.com,,,Timeout (Redirect or Server Error),
americanknife.com,,,Timeout (Redirect or Server Error),
americanleft.com,,,Timeout (Redirect or Server Error),
americanlimofl.com,,,,403.0
americanmaidsfl.com,Best House Cleaning Service Mason Oh,"Welcome to Mason's most trusted maid service and House Cleaning Service with over 270 google reviews. Deep cleaning, recurring, office- Call us at 513-906-9283.",,
americanmarriage.com,,,Timeout (Redirect or Server Error),
americanmatches.com,,,,
americanmattressoutlet.com,,,Timeout (Redirect or Server Error),
americanmechanicalservices.com,,,Timeout (Redirect or Server Error),
americanmedicalassociates.com,americanmedicalassociates.com - Domain Name For Sale | Dan.com,I found a great domain name for sale on Dan.com. Check it out!,,
americanmedicalreview.com,,,Timeout (Redirect or Server Error),
americanmemories.com,,,Timeout (Redirect or Server Error),
americanmetalexchange.com,,,Timeout (Redirect or Server Error),
americanmotorlines.com,,,Timeout (Redirect or Server Error),
americannationalmortgage.com,,,Timeout (Redirect or Server Error),
americannewsnet.com,,,Timeout (Redirect or Server Error),
americanofficeservices.com,American Office Services | Auditorium Seating Reupholstering and Electrostatic Painting of Lockers,"Auditorium seating reupholstering and restoration. Historic theater seating restoration and repair. Electrostatic locker painting, repair, and Master Locks. Electrostatic painting of filing cabinets and laboratory equipment. Welcome to American Office Services - Auditorium Seating Reupholstering and Repair, Theater Seating Restoration and Repair, and Electrostatic Locker Painting.",,
americanpartycruises.com,,,Timeout (Redirect or Server Error),
americanpaymentservices.com,,,Timeout (Redirect or Server Error),
americanphoneservices.com,,,Timeout (Redirect or Server Error),
americanphonesex.co.uk/*,,,Timeout (Redirect or Server Error),
americanpoolsupplies.com,,,Timeout (Redirect or Server Error),
americanprofessionalservices.com,americanprofessionalservices.com - Domain Name For Sale | Dan.com,I found a great domain name for sale on Dan.com. Check it out!,,
americanranchmarket.com/*,,,,404.0
americanrealestatemarket.com,,,Timeout (Redirect or Server Error),
americanrepairservices.com,,,Timeout (Redirect or Server Error),
americanrevolutionaries.com,,,Timeout (Redirect or Server Error),
americanserviceindustries.com,,,Timeout (Redirect or Server Error),
americansewingsupplies.com,,,Timeout (Redirect or Server Error),
americanspirithomes.com,,,Timeout (Redirect or Server Error),
americanstripes.com,,,Timeout (Redirect or Server Error),
americansuccessstories.com,,,Timeout (Redirect or Server Error),
americanswithdisabilitieshomes.com,American with Disabilities ‚Äì Accessible Appealing Homes in Chicago,,,
americantapes.com,,,Timeout (Redirect or Server Error),
americantaxattorney.com,,,Timeout (Redirect or Server Error),
americantaxiservices.net,,,,
americantaxiservices.org,,,Timeout (Redirect or Server Error),
americantaxservices.com,,,Timeout (Redirect or Server Error),
americantechnologies.com,,,Timeout (Redirect or Server Error),
americanthriftstores.com,,,Timeout (Redirect or Server Error),
americantoolcompanies.com,,,Timeout (Redirect or Server Error),
americantravelsurvey.com,,,Timeout (Redirect or Server Error),
americantrioloft.com,,,Timeout (Redirect or Server Error),
americanvoyages.com,,,Timeout (Redirect or Server Error),
americanwaffles.com,,,Timeout (Redirect or Server Error),
americanwasteservices.com,,,Timeout (Redirect or Server Error),
americanwatercraft.com,,,,
americanweldingservices.com,,,Timeout (Redirect or Server Error),
americanwholesalemarket.com,,,Timeout (Redirect or Server Error),
americanwifi.com,,,Timeout (Redirect or Server Error),
americaproperties.com,,,Timeout (Redirect or Server Error),
americasantiques.com,,,Timeout (Redirect or Server Error),
americasarmedforces.com,,,Timeout (Redirect or Server Error),
americasenemies.com,,,Timeout (Redirect or Server Error),
americasrehabcampuses.com,Top Rated Rehab in Arizona | America's Rehab Campuses,Are you looking for the leading facility for drug and alcohol rehab in Arizona? America's Rehab Campuses is here to assist. Contact us to learn more.,,
americastaxattorney.com,"Tax Representation Services in Tampa, FL","Partner with America‚Äôs Tax Attorney LLC in Tampa, FL for tax representation services. Visit our website today!",,
americastaxattorney.tax,,,Timeout (Redirect or Server Error),
americawestproperties.com,,,Timeout (Redirect or Server Error),
americawillneverforget.com,,,Timeout (Redirect or Server Error),
amerikalastminutes.nl,,,,404.0
amerimanga.com,,,Timeout (Redirect or Server Error),
amerisales.com,Amerisales.com,Add $50k-$250k in NEW Sales per month with ZERO upfront cost and ZERO retainers. 100% Performance based sales. Only Pay when you Profit.,,
ameristaff.com,Ameristaff Home Page,"AmeriStaff is a full-service staffing solutions provider with more than 31 years of experience. Ameristaff services include staffing, direct hire, employment services, pre-screen and payroll services and much more. ",,
ameritechfl.com,"AmeriTech Air & Heat: Best AC Company in Orlando, FL | Air Conditioning Contractors","AmeriTech Air & Heat has been servicing HVAC systems since 2009. Call us at 407-743-7106; we can help with all your air conditioning needs, whether it's repair, installation, or maintenance. Our expert technicians will provide you with fast service to ensure the highest quality comfort for your home.",,
amertophandles.com,,,Timeout (Redirect or Server Error),
amethystmahoney.kred,,,Timeout (Redirect or Server Error),
beras4d.com,Berastogel merupakan satu dari sekian banyak situs game online dengan akses cepat tanpa hambatan hanya dengan 1 aplikasi. Selain cepat dan mudah Berastogel juga memberikan harga murah untuk bermain.,,,
beras4d.net,Berastogel merupakan satu dari sekian banyak situs game online dengan akses cepat tanpa hambatan hanya dengan 1 aplikasi. Selain cepat dan mudah Berastogel juga memberikan harga murah untuk bermain.,,,
berastogel3d.com,Berastogel merupakan satu dari sekian banyak situs game online dengan akses cepat tanpa hambatan hanya dengan 1 aplikasi. Selain cepat dan mudah Berastogel juga memberikan harga murah untuk bermain.,,,
berastogel4d.com,Berastogel merupakan satu dari sekian banyak situs game online dengan akses cepat tanpa hambatan hanya dengan 1 aplikasi. Selain cepat dan mudah Berastogel juga memberikan harga murah untuk bermain.,,,
beres69.co,,,Timeout (Redirect or Server Error),
berita168.com,Berita168,"Berita Terkini, terbaru dan terdepan. Dapatkan berbagai info, gosip artis, politik, film Portal video terbaru dalam dan luar negeri dari Berita168.com",,
berita168.net,Berita168 | Berita168 Providing the Best Online Mobile Games,Berita168 Menjadi salah satu platform yang menyediakan permainan mobile online terbaik dan memberikan berbagai keuntungan besar,,
berita168.org,Berita168 - Cara Akses Link Alternatif Server Luar Terbaru,"Berita168 memberikan panduan lengkap cara mengakses link alternatif server luar, Ikuti langkah mudah dan nikmati permainan tanpa hambatan.",,
berita1945.com,Situs Informsai Judi Online Resmi Terpercaya di Indonesia,Judi online merupakan kegiatan bermain game menggunakan uang asli untuk mendapatkan hadiah uang tunai terbesar dalam waktu singkat,,
berita777.com,BERITA777 | BERITA 777 Permainan Yang Disukai Selalu Berhadiah Jutaan Rupiah BERITA777,BERITA777 tersedia ratusan permainan online yang seru dan tampilan grafik HD yang bisa membuat anda betah berlama lama di situs ini selain itu juga ada berbagai event menarik serta hadiah uang rupiah asli jutaan rupiah yang bisa anda dapatkan setiap kali bermain di situs ini.,,
beritaquiz4d.com,,,Timeout (Redirect or Server Error),
beritaterkini77.com,Berita Update Terkini,Dalam & Luar Negeri,,
berjaya72.me/*,,,,403.0
berjaya72.org/*,,,,403.0
berjaya72.pro/*,,,,403.0
berjaya777.com,,,Timeout (Redirect or Server Error),
berjayatogel168.art,,,,
berjayatogel168.bio,,,,
berjayatogel168.club,,,,
berjayatogel168.com,,,Timeout (Redirect or Server Error),
berjayatogel168.info,,,Timeout (Redirect or Server Error),
berjayatogel168.life,,,,
berjayatogel168.net,,,Timeout (Redirect or Server Error),
berjayatogel168.pro,,,,
berjayatogel168.shop,,,Timeout (Redirect or Server Error),
berjayatogel168.store,,,,
berjayatogel168.us,,,,
berjayatogel168.xyz,,,,
berjayatogel4d.live,,,Timeout (Redirect or Server Error),
berjayatogel4d.me,,,Timeout (Redirect or Server Error),
berjayatogel4d.net,Berjayatogel4D | Link Situs iGaming Terfantatis Easy Wins,Berjayatogel4D adalah penyedia iGaming online Terfantatis dan gratis daftar akun Wso memiliki tingkat kemenangan 98% sudah pasti easy win.,,
berjayatogel4d.xyz,,,Timeout (Redirect or Server Error),
berkah168.co,Berkah168 : Tips Bermain Game Zeus Jitu Dijamin Jackpot Paus,"Berkah168 ajarin dong puh tips bermain game slot gacor zeus paling akurat saat ini, Daftar sekarang dan raih jackpot paus dengan mudah.",,
berkah168.com,Berkah168 | Rahasia Pola Slot Bonanza Terbaik Pasti Meledak,Berkah168 selalu memberikan bocoran Pola Terbaik dan Terakurat setiap harinya agar pemain gampang maxwin terutama untuk para pendatang baru.,,
berkah168.net,Berkah168 : Endless Fun Awaits with Official Nexus in Indonesia,"Bersama platform Berkah168 Resmi di Indonesia, rasakan sensasi gaming yang luar biasa. Bergabung Berkah 168 sekarang dan nikmati keseruan",,
berkah168.online,,,Timeout (Redirect or Server Error),
berkah168.org,Berkah168 | Website Entertainment Mudah Jepeh for Beginner,Berkah168 adalah salah satu diantara hiburan terbaik penghasil uang asli karena memiliki tingkat kemenangan yang amat tinggi yaitu Jackpot.,,
berkah303a.art,,,Timeout (Redirect or Server Error),
berkah365.art,,,Timeout (Redirect or Server Error),
berkah365.cash,,,Timeout (Redirect or Server Error),
berkah365.homes,Berkah365 : Situs Bola Online | Situs Bola & Slot | Situs Bola Terbaik,Berkah365 merupakan agen bola online terbaik di Indonesia yang juga menyediakan game slot gacor yang bisa dimainkan hanya dengan 1 User ID saja.,,
berkah365.ink,,,Timeout (Redirect or Server Error),
berkah365.lat,Berkah365 : Situs Bola Online | Situs Bola & Slot | Situs Bola Terbaik,Berkah365 merupakan agen bola online terbaik di Indonesia yang juga menyediakan game slot gacor yang bisa dimainkan hanya dengan 1 User ID saja.,,
berkah365.lol,Berkah365 : Situs Bola Online | Situs Bola & Slot | Situs Bola Terbaik,Berkah365 merupakan agen bola online terbaik di Indonesia yang juga menyediakan game slot gacor yang bisa dimainkan hanya dengan 1 User ID saja.,,
berkah365.quest,Berkah365 : Situs Bola Online | Situs Bola & Slot | Situs Bola Terbaik,Berkah365 merupakan agen bola online terbaik di Indonesia yang juga menyediakan game slot gacor yang bisa dimainkan hanya dengan 1 User ID saja.,,
berkah365.skin,Berkah365 : Situs Bola Online | Situs Bola & Slot | Situs Bola Terbaik,Berkah365 merupakan agen bola online terbaik di Indonesia yang juga menyediakan game slot gacor yang bisa dimainkan hanya dengan 1 User ID saja.,,
berkah365.store,,,Timeout (Redirect or Server Error),
berkah365.wiki,,,Timeout (Redirect or Server Error),
berkah365.world,Berkah365 : Situs Bola Online | Situs Bola & Slot | Situs Bola Terbaik,Berkah365 merupakan agen bola online terbaik di Indonesia yang juga menyediakan game slot gacor yang bisa dimainkan hanya dengan 1 User ID saja.,,
berkah368.click,,,Timeout (Redirect or Server Error),
berkah4d.co,Berkah4d | Link Akses Member VVIP Premium Mudah Jepeh Max,Berkah4d memberikan maxwin permainan gampang menang jepeh dengan loyalitas bonus best price dan tambahan layanan premium kelas kakap.,,
berkah4d.info,Berkah4D : Raih Kemenangan Besar Di Event Scatter Terbaru!,"Berkah4D mengajak Anda meraih kemenangan besar di event scatter spektakuler terbaru, Bergabunglah dan nikmati pengalaman tak terlupakan.",,
berkah4d.net,Berkah4D : Alternative Link to List of Most Popular Online Games,Berkah4D Merupakan link alternatif daftar permainan game online terpopuler yang menyediakan berbagai cara pengisian koin virtual dengan aman,,
berkah4d.org,Berkah4D : The Most Complete Online Entertainment Games Asia,Berkah4D merupakan media hiburan online terlengkap di Asia memberikan keuntungan berupa uang tunai dengan nominal besar hingga jutaan rupiah.,,
berkah77.com,Berkah77 - Cara Akses Link Alternatif Server Luar Terbaru,"Berkah77 memberikan panduan lengkap cara mengakses link alternatif server luar, Ikuti langkah mudah dan nikmati permainan tanpa hambatan.",,
berkahgcw138.com,,,,403.0
berkahkomodo4d.com,Komodo4D | Platform Game Hiburan Online Terbaik dan Terbesar di Indonesia,Komodo4D merupakan platform game hiburan online terbaik dan terbesar saat ini.,,
berkahkomodo4d.xyz,Komodo4D | Platform Game Hiburan Online Terbaik dan Terbesar di Indonesia,Komodo4D merupakan platform game hiburan online terbaik dan terbesar saat ini.,,
berkahtata4d.com,,,Timeout (Redirect or Server Error),
berkat168.biz,,,,
berkat168.org,,,,
berkat168.store,,,Timeout (Redirect or Server Error),
berkat168.vip,,,,
berkat168.xyz,,,,
berkat4d.fun,,,,
berkat4d.live,,,,
berkat4d.online,,,,
berkat4d.shop,,,,
berkat4d.website,,,,
berkat4d.xyz,,,"SSLError HTTPSConnectionPool(host='berkat4d.xyz', port=443): Max retries exceeded with url: / (Caused by SSLError(SSLCertVerificationError(5, '[SSL: CERTIFICATE_VERIFY_FAILED] certificate verify failed: certificate has expired (_ssl.c:1006)')))",
berkatiron4d.site,IRON4D : the most gacor slots full of wins play here register now,Iron4d Adalah Situs Slot Gacor Dan Resmi Peluang menang terbesar saat ini se Asia daftar sekarang juga di situs gacor ini hanya di IRON4D.,,
berlian168.co,Berlian168 | Link Akses Member VVIP Premium Mudah Jepeh Max,Berlian168 memberikan maxwin permainan gampang menang jepeh dengan loyalitas bonus best price dan tambahan layanan premium kelas kakap.,,
berlian168.net,Berlian168 Login & Main Sekarang Kasih Banyak Keuntungan,Berlian168 ialah situs login game online yang terbaik yang berika banyak keuntungan kepada para member yang sudah bergabung bersama kami.,,
berlian168.org,Berlian168 | Layanan Pelanggan Prioritas Pengguna Akun Pro,"Berlian168 memberikan layanan pelanggan prioritas untuk pengguna akun pro, Dapatkan bantuan cepat dan profesional untuk semua pertanyaan.",,
berlian69.website,,,Timeout (Redirect or Server Error),
berlian77.asia,,,Timeout (Redirect or Server Error),
berlian77.club,Berlian77 ¬ª Kemewahan Portal Gaming Online Best Experience,Daftar dan login di Berlian77 untuk pengalaman gaming yang memukau. Temukan beragam permainan menarik hanya di sini.,,
berlian853.com,,,Timeout (Redirect or Server Error),
berlin303a.com,Berlin303 : Situs Game Slot Online Tergacor Dan Maxwin Terbesar Di Indonesia,BERLIN303 merupakan Situs Game Slot Online Tergacor Dan Maxwin Terbesar Di Indonesia.,,
berlin303b.com,Berlin303 : Situs Game Slot Online Tergacor Dan Maxwin Terbesar Di Indonesia,BERLIN303 merupakan Situs Game Slot Online Tergacor Dan Maxwin Terbesar Di Indonesia.,,
berlin303d.com,Berlin303 : Situs Game Slot Online Tergacor Dan Maxwin Terbesar Di Indonesia,BERLIN303 merupakan Situs Game Slot Online Tergacor Dan Maxwin Terbesar Di Indonesia.,,
berlin303e.com,Berlin303 : Situs Game Slot Online Tergacor Dan Maxwin Terbesar Di Indonesia,BERLIN303 merupakan Situs Game Slot Online Tergacor Dan Maxwin Terbesar Di Indonesia.,,
berlin303g.com,Berlin303 : Situs Game Slot Online Tergacor Dan Maxwin Terbesar Di Indonesia,BERLIN303 merupakan Situs Game Slot Online Tergacor Dan Maxwin Terbesar Di Indonesia.,,
berlin666.dev,,,Timeout (Redirect or Server Error),
bermainangkasa168.pro,,,,403.0
bermaindi367.xyz,,,,403.0
bermainslot238.com,,,,403.0
bermainuya4d.com,UYA4D AGEN SLOT TERBAIK 2024 GAMPANG MAXWIN,Situs Judi online terbaik dan terpercaya di Indonesia.,,
bernardos70.kred,,,Timeout (Redirect or Server Error),
bernet53.com,"
			bernet53.com
		",,,
bernice26w.kred,,"Explore my exclusive Kred Influencer Address, featuring my Kred Score and Story, bio and links to my social profiles. Join me and other Influencers on the .Kred Network if you would like to connect.",,
berpanenslot367.xyz,,,,403.0
bersama367.world,,,,403.0
bersama44.com,BERSAMA4D: Agen Link Game Online Viral Deposit QRIS,Bersama4d merupakan situs viral no.1 di Indonesia yang akan membayar kemenangan anda dengan nominal berapapun kepada seluruh member yang memenangkan jackpot terbesar.,,
bersama444.com,Bersama4D > Daftar Akun Pro Gratis Di Situs Depo 10k Hari ini,"Bersama4D situs depo 10k terbaik dan dapat di percaya di Indonesia bisa daftar akun pro secara gratis khusus pemain baru hari ini, klik coba daftar sekarang.",,
bersama4d.com,,,Timeout (Redirect or Server Error),
bersama4d.net,,,Timeout (Redirect or Server Error),
bersama4d.org,,,Timeout (Redirect or Server Error),
bersama4d.xn--6frz82g,,,Timeout (Redirect or Server Error),
bersama4d.xn--q9jyb4c,,,Timeout (Redirect or Server Error),
bersama66.com,BERSAMA4D: Agen Link Game Online Viral Deposit QRIS,Bersama4d merupakan situs viral no.1 di Indonesia yang akan membayar kemenangan anda dengan nominal berapapun kepada seluruh member yang memenangkan jackpot terbesar.,,
bersamababon4d.site,,,Timeout (Redirect or Server Error),
bersamabuaya3x.click,,,Timeout (Redirect or Server Error),
bersamabuaya4x.click,,,Timeout (Redirect or Server Error),
bersamafun4d.shop,Mayong77 : Menangkan taruhan bermain slot x1000 bersama situs Mayong 77,Mayong77 Penyedia website taruhan slot online zeus x1000 segera daftarkan akun anda di Mayong 77 dan Login untuk mengikuti event - event yang kami sediakan,,
bersamafun4d.space,Mayong77 : Menangkan taruhan bermain slot x1000 bersama situs Mayong 77,Mayong77 Penyedia website taruhan slot online zeus x1000 segera daftarkan akun anda di Mayong 77 dan Login untuk mengikuti event - event yang kami sediakan,,
bersamafun4d.store,Mayong77 : Menangkan taruhan bermain slot x1000 bersama situs Mayong 77,Mayong77 Penyedia website taruhan slot online zeus x1000 segera daftarkan akun anda di Mayong 77 dan Login untuk mengikuti event - event yang kami sediakan,,
bersamafun4d.xyz,FUN4D - SITUS GACOR MUDAH MAXWIN DEPOSIT 10000 MAXWIN PULUHAN JUTA DAFTAR SERVER THAILAND,fun4d adalah situs gacor saat ini yang dimana hanya deposit 10000 bisa menang puluhan juta dengan bermain di fun 4d server thailand maka dijamin kemenangan ada di tangan member,,
bersamahotbet4d.xyz,Hotbet4D - Situs Resmi No. 1 & Terpercaya Di Indonesia,HOTBET4D Adalah Situs Resmi Terbaik & Terpercaya Pilihan No. 1 Di Indonesia. Daftar Di Hotbet4d Sekarang Juga Dapatkan Pelayanan Spesial Online 24 Jam Nonstop.,,
bersamakami339.click,,,,526.0
bersamakoko138.xyz,RTP KOKO138 | Bocoran RTP dan Pola Slot Gacor,"RTP KOKO138 berisi tentang informasi Rtp Slot Tertinggi, Bocoran Slot Gacor Hari Ini dan Pola Slot Gacor Terbaru",,
bersamakursi4d.art,,,Timeout (Redirect or Server Error),
bersamakursi4d.pro,,,Timeout (Redirect or Server Error),
bersamalembu4d.site,,,Timeout (Redirect or Server Error),
bersamaobc4d.xyz,,,,500.0
bersamapelita4d.online,Pelita4D : Situs Game Online Siap Membantu Semua Member,Pelita4D Salah satu game online yang sudah memliki banyak pemain dan juga di jamin paling dapat di percaya oleh semua orang.,,
bersamarafi168.net,Rafi168 Permainan Game Online Yang Sudah Ada Sejak 2017,"Rafi168 Salah satu agen bersertifikat terpercaya dan juga di jamin paling gampang dapat Cuan, Dengan Rafi168 Kalian Tidak perlu khawatir kami memberikan pelayanan terbaik kepada para pemain yang bermain di siteini.",,
bersatu247.com,Win247 Link Alternatif Server Luar Jagoan Game Gacor No Lag,Win247 Link Alternatif Server Luar telah terbukti sebagai jagoan dari game gacor no lag. Mari bermain game online bersama jagoan Win247 secara online memiliki,,
bersatukerja4d.xyz,JAYASLOT4D : LINK DAFTAR PRAGMATIC PLAY TERPERCAYA RESMI ASLI,"JAYASLOT4D have many choices of games on Pragmatic Play that link asli yang asli, memiliki banyak daftar permainan terpercaya dan terbaik di indonesia",,
bersihto4d.com,Vavada Casino –ó–µ—Ä–∫–∞–ª–æ –°–∞–π—Ç–∞ - –í—Ö–æ–¥ –∏ –†–µ–≥–∏—Å—Ç—Ä–∞—Ü–∏—è –Ω–∞ –û—Ñ–∏—Ü–∏–∞–ª—å–Ω–æ–º –ö–∞–∑–∏–Ω–æ –í–∞–≤–∞–¥–∞ —Å –ë–æ–Ω—É—Å–∞–º–∏ 100% –∫ –¥–µ–ø–æ–∑–∏—Ç—É –∏ 100 FS,"–∏–∑—É—á–∏—Ç–µ –±–æ–Ω—É—Å–Ω—É—é –ø–æ–ª–∏—Ç–∏–∫—É, –∏–≥—Ä–æ–≤–æ–π –∞—Å—Å–æ—Ä—Ç–∏–º–µ–Ω—Ç, —Ñ–∏–Ω–∞–Ω—Å–æ–≤—É—é —á–∞—Å—Ç—å –∏ –º–æ–±–∏–ª—å–Ω—ã–µ –≤–æ–∑–º–æ–∂–Ω–æ—Å—Ç–∏ –∫–∞–∑–∏–Ω–æ –í–∞–≤–∞–¥–∞. –£–∑–Ω–∞–π—Ç–µ, –∫–∞–∫ –∑–∞—Ä–µ–≥–∏—Å—Ç—Ä–∏—Ä–æ–≤–∞—Ç—å –∞–∫–∫–∞—É–Ω—Ç –≤ –æ–±—Ö–æ–¥ –±–ª–æ–∫–∏—Ä–æ–≤–∫–∏. –ò—Å–ø–æ–ª—å–∑—É–π—Ç–µ –∑–µ—Ä–∫–∞–ª–æ.",,
bert4d.com,,,Timeout (Redirect or Server Error),
bertprill19142340.kred,,,Timeout (Redirect or Server Error),
bertprill19144275.kred,,,Timeout (Redirect or Server Error),
beruang138.org,Beruang138 ¬ª Tutor Pola Maxwin Olympus Bocor 100% Disini,Beruang138 ialah situs game online khusus Olympus yang selalu update setiap hari memberikan pola maxwin dan rtp bocor Gates Of Olympus.,,
beruang168.asia,,,Timeout (Redirect or Server Error),
beruang168.autos,,,,403.0
beruang168.bar,,,,403.0
beruang168.biz,,,Timeout (Redirect or Server Error),
beruang168.boats,,,,403.0
beruang168.bond,,,,403.0
beruang168.cam,,,,403.0
beruang168.cc,,,,403.0
beruang168.club,,,,403.0
beruang168.co,,,,403.0
beruang168.college,,,,403.0
beruang168.cyou,,,Timeout (Redirect or Server Error),
beruang168.digital,,,,403.0
beruang168.foundation,,,,403.0
beruang168.gives,,,,403.0
beruang168.giving,,,,403.0
beruang168.hair,,,,403.0
beruang168.lat,,,,403.0
beruang168.life,,,,403.0
beruang168.live,,,,403.0
beruang168.lol,,,,403.0
beruang168.makeup,,,,403.0
beruang168.monster,,,,403.0
beruang168.motorcycles,,,,403.0
beruang168.network,,,,403.0
beruang168.pro,,,,403.0
beruang168.quest,,,,403.0
beruang168.rent,,,,403.0
beruang168.run,,,,403.0
beruang168.site,,,Timeout (Redirect or Server Error),
beruang168.skin,,,,403.0
beruang168.store,,,,403.0
beruang168.vip,,,,403.0
beruang168.website,,,,403.0
beruang168.xyz,,,Timeout (Redirect or Server Error),
m.beruang39.win/*,,,Timeout (Redirect or Server Error),
beruang4d.art,,,Timeout (Redirect or Server Error),
beruang4d.co,,,Timeout (Redirect or Server Error),
beruang4d.dev,"            BERUANG4D
    ",BERUANG4D merupakan link judi online mudah menang hari ini dengan banyak promo dan bonus yang di berikan untuk para member yang ikut bergabung bersama BERUANG4D.,,
beruang4d.lol,"            BERUANG4D
    ",BERUANG4D merupakan link judi online mudah menang hari ini dengan banyak promo dan bonus yang di berikan untuk para member yang ikut bergabung bersama BERUANG4D.,,
beruang4d.net,,,,
beruang4d.org,"            BERUANG4D
    ",BERUANG4D merupakan link judi online mudah menang hari ini dengan banyak promo dan bonus yang di berikan untuk para member yang ikut bergabung bersama BERUANG4D.,,
beruang4d.site,"            BERUANG4D
    ",BERUANG4D merupakan link judi online mudah menang hari ini dengan banyak promo dan bonus yang di berikan untuk para member yang ikut bergabung bersama BERUANG4D.,,
beruang4d168.com,"            BERUANG4D
    ",BERUANG4D merupakan link judi online mudah menang hari ini dengan banyak promo dan bonus yang di berikan untuk para member yang ikut bergabung bersama BERUANG4D.,,
beruang4d168.live,"            BERUANG4D
    ",BERUANG4D merupakan link judi online mudah menang hari ini dengan banyak promo dan bonus yang di berikan untuk para member yang ikut bergabung bersama BERUANG4D.,,
beruang4d168.online,"            BERUANG4D
    ",BERUANG4D merupakan link judi online mudah menang hari ini dengan banyak promo dan bonus yang di berikan untuk para member yang ikut bergabung bersama BERUANG4D.,,
beruang4d168.pro,"            BERUANG4D
    ",BERUANG4D merupakan link judi online mudah menang hari ini dengan banyak promo dan bonus yang di berikan untuk para member yang ikut bergabung bersama BERUANG4D.,,
beruang4d168.xyz,"            BERUANG4D
    ",BERUANG4D merupakan link judi online mudah menang hari ini dengan banyak promo dan bonus yang di berikan untuk para member yang ikut bergabung bersama BERUANG4D.,,
beruang853.help,,,Timeout (Redirect or Server Error),
beruang853.me,SLOT853 : Daftar Situs Judi MPO Slot Online Terpercaya No 1 Indonesia,"Slot853 merupakan situs judi online terbesar Indonesia, Daftar agen MPO Slot terpercaya  deposit pulsa tanpa potongan minimal 15.000",,
beruang853.site,,,Timeout (Redirect or Server Error),
beruang853.today,SLOT853 : Daftar Situs Judi MPO Slot Online Terpercaya No 1 Indonesia,"Slot853 merupakan situs judi online terbesar Indonesia, Daftar agen MPO Slot terpercaya  deposit pulsa tanpa potongan minimal 15.000",,
beruangkanlah4d.xyz,"            BERUANG4D
    ",BERUANG4D merupakan link judi online mudah menang hari ini dengan banyak promo dan bonus yang di berikan untuk para member yang ikut bergabung bersama BERUANG4D.,,
beruk138.net,Beruk138 | Bermain Puzzle Game Raih Hadiah Cuan Asli Cuy,"Beruk138 adalah situs bermain puzzle game dengan hadiah cuan asli paling viral saat ini, Mainkan sekarang dan raih hadiahnya cuy.",,
beruk138.org,Beruk138 | Link Akses Member VVIP Premium Mudah Jepeh Max,Beruk138 memberikan maxwin permainan gampang menang jepeh dengan loyalitas bonus best price dan tambahan layanan premium kelas kakap.,,
izza88.top,"Situs Casino Online, Casino, dan Live Casino Terpercaya | Paiza99","Paiza99 adalah situs casino online terpercaya. Daftar agen casino uang asli di situs casino paiza99. Mainkan game live casino, baccarat, dan slot game terbaik dari paiza99.",,
izza99.club,"Situs Casino Online, Casino, dan Live Casino Terpercaya | Paiza99","Paiza99 adalah situs casino online terpercaya. Daftar agen casino uang asli di situs casino paiza99. Mainkan game live casino, baccarat, dan slot game terbaik dari paiza99.",,
izza99.live,"Situs Casino Online, Casino, dan Live Casino Terpercaya | Paiza99","Paiza99 adalah situs casino online terpercaya. Daftar agen casino uang asli di situs casino paiza99. Mainkan game live casino, baccarat, dan slot game terbaik dari paiza99.",,
izza99.xyz,"Situs Casino Online, Casino, dan Live Casino Terpercaya | Paiza99","Paiza99 adalah situs casino online terpercaya. Daftar agen casino uang asli di situs casino paiza99. Mainkan game live casino, baccarat, dan slot game terbaik dari paiza99.",,
izzasensasional99.us,"Situs Casino Online, Casino, dan Live Casino Terpercaya | Paiza99","Paiza99 adalah situs casino online terpercaya. Daftar agen casino uang asli di situs casino paiza99. Mainkan game live casino, baccarat, dan slot game terbaik dari paiza99.",,
izzatelkhatib.kred,,,Timeout (Redirect or Server Error),
izzeddin.com,izzeddin.com - Domain Name For Sale | Dan.com,I found a great domain name for sale on Dan.com. Check it out!,,
izzicasino1004.com,,,,403.0
izzicasino1012.com,,,,
izzicasino1022.com,,,,
izzicasino1025.com,,,,
izzicasino1026.com,,,,403.0
izzicasino1030.com,,,,
izzicasino1031.com,,,,
izzicasino1402.com,,,,
izzicasino1603.com,,,,
izzicasino1704.com,,,,
izzowallet.kred,,,Timeout (Redirect or Server Error),
izzyexchange.com,,,,403.0
izzykay.com,,,Timeout (Redirect or Server Error),
izzypender.kred,,,Timeout (Redirect or Server Error),
izzywingham.co.uk/*,,,,404.0
amaanaexpress.com,,,Timeout (Redirect or Server Error),
amaasi.com,,,Timeout (Redirect or Server Error),
amacbenefits.com,,,Timeout (Redirect or Server Error),
amacbenefits.net,,,Timeout (Redirect or Server Error),
amaccts.com,,,"SSLError HTTPSConnectionPool(host='amaccts.com', port=443): Max retries exceeded with url: / (Caused by SSLError(SSLError(1, '[SSL: SSLV3_ALERT_HANDSHAKE_FAILURE] ssl/tls alert handshake failure (_ssl.c:1006)')))",
amaconferencecenters.org/*,Executive Conference Centers Built for Meetings. Made for Success | AMA,"We organize more than 4,000 meetings, both in our own Conference Centers and at dozens of other venues across the country.",,
amacontractors.com,,,Timeout (Redirect or Server Error),
amacro.com,,,Timeout (Redirect or Server Error),
amacseniors.com,,,Timeout (Redirect or Server Error),
amacseniors.org,,,Timeout (Redirect or Server Error),
amactickets.com,,,Timeout (Redirect or Server Error),
amadaacosta.kred,,,Timeout (Redirect or Server Error),
amaderm.de,amaderm - High-End Technologien f√ºr √Ñrzte und Beauty-Profis,"amaderm ‚û§ Hochwertige Technologien und innovative Kosmetik f√ºr professionelle Anwender ‚ûü Dauerhaften Haarentfernung ‚úÖ Kryolipolyse ‚úÖ Anti-Aging, uvm.",,
amaderorthoneeti.net,Amaderorthoneeti,,,
amadeustourism.com,,,Timeout (Redirect or Server Error),
amadiketu.com,Home,,,
amadro.com,Porkbun Marketplace: The domain amadro.com is for sale.,,,
amagertorv.com,,,Timeout (Redirect or Server Error),
amaiainteriors.com,Artisanal Furniture | Amaia Interiors,"We are experts in furnishing beautiful spaces. Furniture. Find beautiful high quality Artisanal furniture. Indoor and outdoor furniture. Tables, seating, auxiliar furniture. ",,
amaiascapescavite.com,,,,
amairo.com,,,Timeout (Redirect or Server Error),
amakitsolutionsugltd.com,AMAK IT SOLUTIONS UG LTD - Your trusted computer partners,,,
amalexanderphoto.com,Alexander Photography,"Since beginning my career as a photographer over ten years ago, it has been my distinct privilege and honor to be invited to share in the memories and moments of all my clients.

I grew up in South Bend, Indiana (GO IRISH!!!) and eventually made my way south to Florida where I received my degree from the University of Central Florida. After graduation I began work as a photographer for Disney Fine Art Photography. To this day I have the distinct privilege of shooting Brides and Grooms for Disney‚Äôs Fairy Tale Weddings. Through the magic that I have been able to capture on camera, I have had the honor of being published in Modern Bride magazine and featured on the Travel Channel as well as ABC‚Äôs Extreme Makeover: Home Edition.


Why do I love photography? Whether it is sharing in the magic of a wedding day or in the joy of everyday life, I never tire of capturing those poignant moments in a photo. 757 Siena Palm Drive, Celebration, FL 34747, United States",,
amalficoast-tours.com,Best Amalfi Coast  Tours 2024 - Local Guides | Best Deals,"Discover the breathtaking beauty of the Amalfi Coast, in dramatic cliffs, turquoise waters and Mediterranean coastline.",,
amalficoastitalytours.it,Amalfi Coast Tours from ‚Ç¨105 | Best Amalfi Coast Day Tours & Trips,Explore the best Amalfi Coast Tours. We offer Capri Tours and Amalfi Coast Day Tours. Starting from only ‚Ç¨105. Why wait? Book online today!,,
amalfiglass.com,,,Timeout (Redirect or Server Error),
amalgamatedhealth.com,,,Timeout (Redirect or Server Error),
amamedicalproducts.net.au,Web Server's Default Page,,,
aman-rtp.shop,,,,
amanaftx.com,"HOME
",,,
amanahbaru.site,,,"SSLError HTTPSConnectionPool(host='amanahbaru.site', port=443): Max retries exceeded with url: / (Caused by SSLError(SSLError(1, '[SSL: SSLV3_ALERT_HANDSHAKE_FAILURE] ssl/tls alert handshake failure (_ssl.c:1006)')))",
amanahbersatu.com,Amanahtoto  - Permainan Digital Terpercaya & Aman No.1,Amanahtoto - Permainan Digital Terpercaya & Aman No.1 di Indonesia,,
amanahbest.com,,,Timeout (Redirect or Server Error),
amanahbro.com,,,Timeout (Redirect or Server Error),
amanahjitu.com,AmanahToto - Daftar Slot Gacor Maxwin,"slot gacor, situs slot gacor, link slot terpercaya, daftar situs slot gacor, slot gacor maxwin, slot terbaru, login slot online, slot gacor gampang menang",,
amanahjitu.info,AmanahToto - Login Situs Slot Gacor,"slot gacor, situs slot gacor, link slot terpercaya, daftar situs slot gacor, slot gacor maxwin, slot terbaru, login slot online, slot gacor gampang menang",,
amanahjitu.name,AmanahTOTO | Permainan Judi Slot online,Permainan Judi Slot online,,
amanahjitu.net,AmanahToto - Link Game Slot Gacor,"slot gacor online, situs slot gacor, link slot terpercaya, daftar situs slot gacor, slot gacor maxwin, slot terbaru, login slot online, slot gacor gampang menang",,
amanahjitu.org,AmanahToto - Slot Gacor Deposit Pulsa,"slot gacor, situs slot gacor, link slot terpercaya, daftar situs slot gacor, slot gacor maxwin, slot terbaru, login slot online, slot gacor gampang menang",,
amanahlotto.com,AmanahToto - Agen Slot Gacor Online,"slot online, slot deposit pulsa tanpa potongan, slot online terpercaya, slot terbaru, slot pragmatic, judi slot online, situs judi slot, game slot, situs slot online, agen slot, agen slot online, casino slot, kasino slots, casino slot online, casino slot judi, casino slot apk, casino slot game, daftar casino slot, download game casino, download apk slot, daftar slot, game slot online, game slot, game slot online terbaik, game slot deposit pulsa",,
amanahlotto.info,AmanahToto - Situs Link Alternatif Slot Gacor,"slot gacor, situs slot gacor, link slot terpercaya, daftar situs slot gacor, slot gacor maxwin, slot terbaru, login slot online, slot gacor gampang menang",,
amanahlotto.name,AmanahTOTO | Daftar Situs Judi Slot Online Terpercaya,"#taglineslot, slot online, slot deposit pulsa tanpa potongan, slot online terpercaya, slot terbaru, slot pragmatic, judi slot online, situs judi slot, game slot, situs slot online, agen slot, agen slot online, casino slot, bandar slots casino, bandar judi casino, bandar live casino slot, casino slot online, casino slot judi, casino slot apk, casino slot game, daftar casino slot, download game casino, download apk slot, daftar slot, game slot online, game slot, game slot online terbaik, game slot deposit pulsa, mesin slot online",,
amanahlotto.net,AmanahTOTO | Mesin Slot Online Terpercaya,"#taglineslot, slot online, slot deposit pulsa tanpa potongan, slot online terpercaya, slot terbaru, slot pragmatic, judi slot online, situs judi slot, game slot, situs slot online, agen slot, agen slot online, casino slot, bandar slots casino, bandar judi casino, bandar live casino slot, casino slot online, casino slot judi, casino slot apk, casino slot game, daftar casino slot, download game casino, download apk slot, daftar slot, game slot online, game slot, game slot online terbaik, game slot deposit pulsa, mesin slot online",,
amanahlotto.org,AmanahTOTO | Agen Resmi Live Casino Slot Terbesar,"#taglineslot, slot online, slot deposit pulsa tanpa potongan, slot online terpercaya, slot terbaru, slot pragmatic, judi slot online, situs judi slot, game slot, situs slot online, agen slot, agen slot online, casino slot, bandar slots casino, bandar judi casino, bandar live casino slot, casino slot online, casino slot judi, casino slot apk, casino slot game, daftar casino slot, download game casino, download apk slot, daftar slot, game slot online, game slot, game slot online terbaik, game slot deposit pulsa, mesin slot online",,
amanahpasti.com,,,Timeout (Redirect or Server Error),
amanahrtp.co,,,,
amanahrtp.com,AmanahToto: Bocoran Slot RTP Indonesia Terupdate Dan Akurat Hari Ini,AmanahToto merupakan Situs Bocoran Slot Rtp Tergacor Indonesia Terupdate Dan Akurat Hari Ini Dengan Minimal Deposit Hanya 10 Ribu Rupiah.,,
amanahrtp.live,AmanahToto: Bocoran Slot RTP Indonesia Terupdate Dan Akurat Hari Ini,AmanahToto merupakan Situs Bocoran Slot Rtp Tergacor Indonesia Terupdate Dan Akurat Hari Ini Dengan Minimal Deposit Hanya 10 Ribu Rupiah.,,
amanahsakti.com,Amanahtoto  - Permainan Digital Terpercaya & Aman No.1,Amanahtoto - Permainan Digital Terpercaya & Aman No.1 di Indonesia,,
amanahtoto.co,,,Timeout (Redirect or Server Error),
amanahtoto.com,,,Timeout (Redirect or Server Error),
amanahtoto.net,,,Timeout (Redirect or Server Error),
amanahtoto.org,,,Timeout (Redirect or Server Error),
amanahtoto.pro,Amanahtoto  - Permainan Digital Terpercaya & Aman No.1,Amanahtoto - Permainan Digital Terpercaya & Aman No.1 di Indonesia,,
amanahtotojitu.com,Amanahtoto  - Permainan Digital Terpercaya & Aman No.1,Amanahtoto - Permainan Digital Terpercaya & Aman No.1 di Indonesia,,
amanahtt.com,Amanahtoto  - Permainan Digital Terpercaya & Aman No.1,Amanahtoto - Permainan Digital Terpercaya & Aman No.1 di Indonesia,,
amandacosta.com,,,Timeout (Redirect or Server Error),
amandahart.net,Amanda Hart Design - Graphic Design - Social Media Marketing - Web Development,"Amanda Hart Design Best Social Media and Marketing In The Area. Social Media, Graphic Design & Web Development.",,
amandasellssudbury.com,,,AttributeError 'NoneType' object has no attribute 'find',
amandasflowers.com,Brighton Florist | Flower Delivery by Amanda's Flowers,Best Brighton florist. Amanda's Flowers offers fresh flower delivery Brighton. Save money by sending flowers directly with a Local Florist.,,
amanibeauty.com,,,Timeout (Redirect or Server Error),
amanpasti.online,,,,
amanpto.shop,,,,500.0
amansheart.com,,,Timeout (Redirect or Server Error),
amantoto.co,Amantoto | Link Akses Member VVIP Premium Mudah Jepeh Max,Amantoto memberikan maxwin permainan gampang menang jepeh dengan loyalitas bonus best price dan tambahan layanan premium kelas kakap.,,
amantoto.me,,,Timeout (Redirect or Server Error),
amantoto.net,Amantoto - Daftar Situs Penyedia Scatter Hitam Asli Terbaru,Amantoto merupakan daftar situs yang memiliki fitur scatter hitam asli terbaru tanpa settingan dan di jamin auto maxwin saat menemukannya.,,
amantoto.online,,,Timeout (Redirect or Server Error),
amantotosakti.com,,,Timeout (Redirect or Server Error),
amanyupss.com,,,Timeout (Redirect or Server Error),
amararchitects.com,Buy a Domain Name - World s Best Domains For Sale - AMARARCHITECTS.COM,"AMARARCHITECTS.COM This domain name is for sale. Owning a suitable domain name will help you achieve greater success in your career. For any business consultation about AMARARCHITECTS.COM, please contact us! ! !",,
amarelavita.com,,,Timeout (Redirect or Server Error),
amarilloautowash.com,,,Timeout (Redirect or Server Error),
amarilloautowash.info,,,Timeout (Redirect or Server Error),
amarilloautowash.net,,,Timeout (Redirect or Server Error),
amarilloautowash.org,,,Timeout (Redirect or Server Error),
amarillocarwash.us,,,Timeout (Redirect or Server Error),
amarillopediatricdentistry.com,"Amarillo Pediatric Dentistry & Orthodontics | Amarillo, Texas","Welcome to Amarillo Pediatric Dentistry, We offer the highest quality dental care for children and orthodontics by a pediatric dentist in Amarillo TX.",,
amarillopediatricspecialists.com,"Amarillo Pediatric Dentistry & Orthodontics | Amarillo, Texas","Welcome to Amarillo Pediatric Dentistry, We offer the highest quality dental care for children and orthodontics by a pediatric dentist in Amarillo TX.",,
amarillopooltablemovers.com,"Amarillo Pool Table Movers | SOLO¬Æ Pool Table Service | Quality Pool Table Installation, Amarillo, TX.","Amarillo Pool Table Movers | SOLO¬Æ Pool Table Repair | Billiard Moving, Felt Replacement, Pool Table Setup, Disassembly, Recovering, Removal, and Repair, Amarillo, TX",,
amarito.com,"DomainMarket.com, Claim Your Brand!","DomainMarket.com sells premium domain names to entrepreneurs, businesses, and nonprofits that want to dominate their online marketplaces and control great brands.",,
amarpackersmovers.com,,,Timeout (Redirect or Server Error),
amarprakash.in,,,,
amarprakashdevelopers.com,,,,
amarresdeamors.com,AMARRES DE AMOR,,,
amarresusa.online,,,Timeout (Redirect or Server Error),
amart.com.au,Amart Furniture: Shop Online & In-Store Across Australia,Shop Amart Furniture for stylish & affordable home furnishings. Explore our wide selection of indoor and outdoor furniture online or in-store today!,,
amarta99-pro.xyz,,,Timeout (Redirect or Server Error),
amarta99-sl.lol,,,Timeout (Redirect or Server Error),
amarta99-south.xyz/*,,,Timeout (Redirect or Server Error),
amarta99-west.fun,,,Timeout (Redirect or Server Error),
amarta99ptw.site,,,Timeout (Redirect or Server Error),
amarta99rtp.cfd,,,Timeout (Redirect or Server Error),
amarta99rtp.click,,,Timeout (Redirect or Server Error),
amarta99rtp.site,,,Timeout (Redirect or Server Error),
amarta99rtp.store,,,,
amarta99rtp.xyz,AMARTA99 : Agen Slot Online Terpercaya dan No 1 Di indonesia,Gabung sekarang juga disini ! Update Bocoran RTP anti rungkad Setiap harinya.,,
amartaaraso.site,,,Timeout (Redirect or Server Error),
amartabro.store,,,Timeout (Redirect or Server Error),
amaserv.com,,,Timeout (Redirect or Server Error),
amasokoyose.com,,,Timeout (Redirect or Server Error),
amasyatv.com,,,Timeout (Redirect or Server Error),
amateuradults.com,,,Timeout (Redirect or Server Error),
amateurbodyart.com,,,Timeout (Redirect or Server Error),
amateurjournalism.com,,,Timeout (Redirect or Server Error),
amateurradiooperators.com,,,Timeout (Redirect or Server Error),
amatiss.com,,,Timeout (Redirect or Server Error),
amatterofhealth.com,,,Timeout (Redirect or Server Error),
amattoto.com,,,,500.0
amauryjewelry.com,Amaury,Amaury,,
amauta.org,Hydraulic Oil Seal - Nok Oil Seal LTD,,,
